artist_id	name	followers	popularity	genres	image_url
4gzpq5DPGxSnKTe4SA8HAU	Coldplay	29397183	90.0	['permanent wave', 'pop']	https://i.scdn.co/image/4ffd6710617d289699cc0df60cf975e316025119
6Te49r3A6f5BiIgBRxH7FH	Ninho	4239063	84.0	['french hip hop', 'pop urbaine']	https://i.scdn.co/image/ab67616d0000b2733f12b172c90b9fe9232f38d0
4QrBoWLm2WNlPdbFhmlaUZ	KEVVO	167419	75.0	['perreo', 'reggaeton', 'reggaeton flow', 'trap latino']	https://i.scdn.co/image/9a75b11e5080f576bdff7658ee8465857a63d6b8
1McMsnEElThX1knmY4oliG	Olivia Rodrigo	1134117	89.0	['alt z', 'pop', 'post-teen pop']	https://i.scdn.co/image/5fb1f691c5d3cdbc54e1934c1b76e0ce00bcee9b
6KImCVD70vtIoJWnq6nGn3	Harry Styles	13439256	91.0	['pop', 'post-teen pop']	https://i.scdn.co/image/b2163e7456f3d618a0e2a4e32bc892d6b11ce673
6TOKWuw816UU34AE4MCZqr	Beltito	735			
7F2utINZ6tSokSiZTQBE27	Guè Pequeno	1564947	76.0	['italian hip hop', 'italian pop']	https://i.scdn.co/image/8c0ddb6022be1bbb4795cb41082a19b0b196566e
2kCcBybjl3SAtIcwdWpUe3	Lil Peep	6531226	90.0	['emo rap', 'lgbtq+ hip hop']	https://i.scdn.co/image/06404029eb0ce3b6f3b9bc95b7d6b5491a20f9dc
7b79bQFziJFedJb75k6hFt	Tion Wayne	222424	71.0	['london rap', 'uk hip hop']	https://i.scdn.co/image/cd5bce94c304c5cd608edab6288cc6e2b48563bf
2UZIAOlrnyZmyzt1nuXr9y	Nicki Nicole	1235456		['argentine hip hop', 'r&b argentino', 'trap argentino', 'trap latino']	https://i.scdn.co/image/a5f4ce02d179a6f41fc4304df4e72fc20c56f06c
6lUWb46h9Y8H8cqpW3i0pc	Rymez	1549	48.0		https://i.scdn.co/image/18f870e05c4f610fcb1f3a7921b0151a6e8ddb47
2h6hAChW74hB9HvrNoK1RY	Quarterhead	2648	74.0		https://i.scdn.co/image/4c83ec72ca688e636e9a544df7de3b8a49c9ac06
0shHIQr8VamXbzM66kwGQo	TATOOL	866	72.0		https://i.scdn.co/image/ead8f10eba19fc42ec2e31a7efc747667dfd46ab
09agIJMxCD2k87ys9Al0f0	VIZE	107870	82.0	['german dance', 'pop dance', 'slap house', 'tropical house']	https://i.scdn.co/image/25af4f89600a80e0affb31ac3e7847c8534b0611
4yiQZ8tQPux8cPriYMWUFP	Gwen Stefani	4540462	78.0	['dance pop', 'europop', 'hip pop', 'pop', 'pop dance', 'post-teen pop', 'urban contemporary']	https://i.scdn.co/image/85a848ab7b9280082b13db82ac875c6a8c81c912
7guDJrEfX3qb6FEbdPA5qi	Stevie Wonder	4857386		['adult standards', 'funk', 'motown', 'quiet storm', 'soul']	https://i.scdn.co/image/c59faacbed7aa770266bad048660810eca204108
4TvhRzxIL1le2PWCeUqxQw	The Blessed Madonna	8498			https://i.scdn.co/image/6eaf12c09edd4a595c8fd65e71daba75d59bbc3b
64rxQRJsLgZwHHyWKB8fiF	Eiffel 65	240209	68.0	['bubblegum dance', 'eurodance', 'europop', 'italian adult pop', 'italo dance']	https://i.scdn.co/image/db47e25f7d553170c12dd396101754c7464113df
3dRfiJ2650SZu6GbydcHNb	John Williams	979770		['soundtrack']	https://i.scdn.co/image/c3e1c6c6c74a2da554ee8772ed594f7f47241eb1
7dGJo4pcD2V6oG8kP0tJRR	Eminem	42607669	95.0	['detroit hip hop', 'hip hop', 'rap']	https://i.scdn.co/image/56f4762485066b4ef867b96e16775f2b5b4db277
2wIVse2owClT7go1WT98tk	Missy Elliott	1594793		['dance pop', 'hip hop', 'hip pop', 'pop', 'pop rap', 'r&b', 'rap', 'urban contemporary', 'virginia hip hop']	https://i.scdn.co/image/ccbbf5f1d3023fd27ddbb84872853148f12e5687
26VFTg2z8YR0cCuwLzESi2	Halsey	14298320	90.0	['dance pop', 'electropop', 'etherpop', 'indie poptimism', 'pop', 'pop dance', 'post-teen pop']	https://i.scdn.co/image/1ccc88afcd13131dc35a1bd028922dbc748a55fb
44rJuOJLavqhY6qGgpQW4U	Harm Franklin	3747	67.0	['alberta hip hop']	https://i.scdn.co/image/be3a96edf9ef73d28ab5116772dc1e69e3c28c9a
0hCNtLu0JehylgoiP8L4Gh	Nicki Minaj	20686883	91.0	['dance pop', 'hip pop', 'pop', 'pop dance', 'pop rap', 'post-teen pop', 'queens hip hop']	https://i.scdn.co/image/2a832cd2b8dd5d0deef6d682ca52ea29f5dda859
4q3ewBCX7sLwd24euuV69X	Bad Bunny	31250078	99.0	['latin', 'reggaeton', 'trap latino']	https://i.scdn.co/image/1c66d291db8ab21ac32d045ef28199fb195b97cf
28ExwzUQsvgJooOI0X1mr3	Jay Rock	1013656	75.0	['conscious hip hop', 'gangster rap', 'hip hop', 'pop rap', 'rap', 'southern hip hop', 'trap', 'underground hip hop']	https://i.scdn.co/image/774454e054a4f45cfa4f74907caa45649c5d521d
0HS96tPggl2nwiz3gNWWI5	Mitchell Ayres & His Orchestra	404	53.0		https://i.scdn.co/image/ab67616d0000b2731b50684f4fd392cd822a9419
1anyVhU62p31KFi8MEzkbf	Chance the Rapper	5232469	85.0	['chicago rap', 'conscious hip hop', 'hip hop', 'pop rap', 'rap']	https://i.scdn.co/image/5eb8a2168ab01111c7020738ee0354e4042e64df
507LPYi8Dm9gZdTbT3NjeD	Larry Walsh	51	46.0		
4MCBfE4596Uoi2O4DtmEMz	Juice WRLD	16491365	98.0	['chicago rap', 'melodic rap']	https://i.scdn.co/image/d8e62447a338a882b490460da20e90aac6d60ae7
5TYxZTjIPqKM8K8NuP9woO	C. Tangana	1220878		['urbano espanol']	https://i.scdn.co/image/0feebec2a26fa2e31a60ba50a681275d90b025e1
79KQgTCu4wV38ECYKn62DZ	White Gold	2142	64.0		https://i.scdn.co/image/76525140efb4f0d4a9187567e0b084ad757efefd
26dSoYclwsYLMAKD3tpOr4	Britney Spears	8708249	85.0	['dance pop', 'pop', 'pop dance', 'pop rap', 'post-teen pop']	https://i.scdn.co/image/88b5417c1aef3bbdff1889714136deb5ea310ab8
2HPaUgqeutzr3jx5a9WyDV	PARTYNEXTDOOR	2861096	82.0	['pop', 'pop rap', 'rap', 'toronto rap', 'trap', 'urban contemporary']	https://i.scdn.co/image/ed52d8dc3e32f9d8833fe3e25320f166e07b9e38
4x1nvY2FN8jxqAFA0DA02H	John Lennon	4020897	75.0	['album rock', 'art rock', 'beatlesque', 'classic rock', 'folk rock', 'mellow gold', 'rock']	https://i.scdn.co/image/bb44a853b1bae0d3ad25816af544085791f09600
6DVipHzYsPlIoA0DW8Gmns	"Royce Da 5'9"""	567501	69.0	['alternative hip hop', 'detroit hip hop', 'gangster rap', 'hardcore hip hop', 'hip hop', 'rap', 'southern hip hop']	https://i.scdn.co/image/811d6567cc46a6950269b41154b547e2578d4d10
49e4v89VmlDcFCMyDv9wQ9	Dean Martin	1056558	72.0	['adult standards', 'easy listening', 'lounge']	https://i.scdn.co/image/492d4ece2bf7c87952be47359f038182fbf15d9d
0e68cnJyUTJu1nEuxxMSLm	Tati Zaqui	930892	59.0	['funk carioca']	https://i.scdn.co/image/332230e13b26267f56e197f6a77a1630b60acc87
5M9Bb4adKAgrOFOhc05Y50	Pablo Alborán	3575709	80.0	['latin', 'latin arena pop', 'latin pop', 'spanish pop']	https://i.scdn.co/image/f0e34fdc4751f6715309f006aadfbc119eabe14e
77SW9BnxLY8rJ0RciFqkHh	The Neighbourhood	5713742	87.0	['modern alternative rock', 'modern rock', 'pop']	https://i.scdn.co/image/81d31c929ec253818512cd51aacdc6e6960f78bd
6USv9qhCn6zfxlBQIYJ9qs	Dominic Fike	490726	77.0	['alternative pop rock', 'pop']	https://i.scdn.co/image/a4ea313a42cd2846a2d09f716cafc7c49fe1088d
3MZsBdqDrRTJihTHQrO6Dq	Joji	4259340	87.0	['alternative r&b', 'viral pop']	https://i.scdn.co/image/946502271a52151aae958c8d5bfefc1088e50886
7rkW85dBwwrJtlHRDkJDAC	NAV	2415591	86.0	['canadian hip hop', 'hip hop', 'melodic rap', 'pop rap', 'rap', 'toronto rap', 'trap']	https://i.scdn.co/image/6938bbdfc026ad49495b5564a0641a9da6fbd970
73sIBHcqh3Z3NyqHKZ7FOL	Childish Gambino	7599645	82.0	['atl hip hop', 'hip hop', 'pop rap', 'rap']	https://i.scdn.co/image/2e1d974c14fb66eb5050bf3526c84c4f6e2f47ae
5TphiK6LsT4X5NOZxq3NJB	Trio Vegabajeño	8219	52.0	['musica jibara', 'puerto rican folk']	https://i.scdn.co/image/ab67616d0000b273e20a202088e8e3dd69071d66
4sVieJlKgpZ2k9ESNS5IdN	Jamule	180053		['german hip hop']	https://i.scdn.co/image/0c372878f857f3c0c465ecc9efabf83d0ab3e36b
5Y5TRrQiqgUO4S36tzjIRZ	Timbaland	1896160	81.0	['dance pop', 'hip hop', 'hip pop', 'pop', 'pop dance', 'pop rap', 'urban contemporary']	https://i.scdn.co/image/71e2c7a1026d3a2397ae7ee08797a95d9a16c19f
0cGUm45nv7Z6M6qdXYQGTX	Kehlani	4453526		['dance pop', 'pop', 'pop rap', 'post-teen pop', 'r&b', 'urban contemporary']	https://i.scdn.co/image/369b4e33305fb4bbd6485e0bb51b5526d6d0aa8c
2cPqdH7XMvwaBJEVjheH8g	Jay Wheeler	995839	87.0	['latin', 'reggaeton', 'trap latino']	https://i.scdn.co/image/97d321098b867adf50d55c5eaf8433c1b87bf37d
6jJ0s89eD6GaHleKKya26X	Katy Perry	17784767	88.0	['dance pop', 'pop', 'pop dance', 'post-teen pop']	https://i.scdn.co/image/ecebace064c7a48b7ae4a611b82887aa79163c1e
3ZJxEmjYZd5VOqZ8o3aXiL	ABRA	205549	65.0	['alternative r&b', 'electropop', 'escape room']	https://i.scdn.co/image/bf927280f0646ea849440fcb54133934692f5b82
5nP8x4uEFjAAmDzwOEc9b8	Matuê	2621451		['r&b brasileiro', 'rap cearense', 'trap brasileiro']	https://i.scdn.co/image/88f9fbd2b4574a321c3e36f444cc0f21ad75e557
5JZ7CnR6gTvEMKX4g70Amv	Lauv	4078340	86.0	['electropop', 'pop', 'post-teen pop']	https://i.scdn.co/image/a9056e58b858d3bd3354be7f0c4192c6b4933fa8
35S20clEkkSNUo23ViaslZ	Band Aid	19731	53.0	['musical advocacy']	https://i.scdn.co/image/0d3b3944d72ce6c7bdae093ee217e6e7d502263c
0vR2qb8m9WHeZ5ByCbimq2	Reik	5571018	84.0	['latin', 'latin arena pop', 'latin pop', 'mexican pop']	https://i.scdn.co/image/4527ee5f764813d9e9784211b1264e39907449de
51XrH5fQP2oIQynuKxSWcW	Sky Rompiendo	20675	70.0	['reggaeton flow', 'trap latino']	https://i.scdn.co/image/dc800813d9757c93927af28648e322084b1355a5
6jGMq4yGs7aQzuGsMgVgZR	Lil Tjay	2684214	90.0	['brooklyn drill', 'melodic rap', 'nyc rap']	https://i.scdn.co/image/aa42101db2868d39fe51c411c9e9e70c6233a49c
0NnUMWDCDi1snuMja6IdxH	Harry Nach	110501	71.0	['trap chileno', 'trap latino']	https://i.scdn.co/image/01db45ad6ce315cead310b056c40e3608b7f2e5b
1cZQSpDsxgKIX2yW5OR9Ot	Lennon Stella	288483	76.0	['alt z', 'canadian pop', 'dance pop', 'electropop', 'indie cafe pop', 'pop', 'post-teen pop']	https://i.scdn.co/image/769cf0392ffe15fef14227b3a31f01e09cd6e679
1zuJe6b1roixEKMOtyrEak	Tina Turner	2327973	76.0	['disco', 'europop', 'new wave pop', 'soft rock']	https://i.scdn.co/image/cf860c0e880d74dafe187f732c0093af95fda142
4sg4no0TXdsrM1s4SVUwNF	Juju	474517	69.0	['frauenrap', 'german hip hop', 'german pop']	https://i.scdn.co/image/8b07a930724c390d69ec11c5f8115f52406d13c1
7IlRNXHjoOCgEAWN5qYksg	Aya Nakamura	2593807	81.0	['basshall', 'francoton']	https://i.scdn.co/image/cf332914e2ec8999e8edefd0f2d8ccd28a2b098f
3bmFPbLMiLxtR9tFrTcKcP	Matthew Wilder	28095	66.0	['new wave pop']	https://i.scdn.co/image/db52aa5d6bb688f6b59a95129776c1b031f8ddbc
2XcZshqzPKm3iZcmt73R8D	Pablo Chill-E	585367	72.0	['reggaeton flow', 'trap chileno', 'trap latino', 'urbano espanol']	https://i.scdn.co/image/a6a5f57d09b0c4507d53d3631fc129716a4ec993
0NIPkIjTV8mB795yEIiPYL	Wallows	1767154	79.0	['indie pop', 'modern rock', 'rock']	https://i.scdn.co/image/d06dc44e5fbb709fbd328b4b1c214f3879c21948
6w9ToX5slZ4uIdmD17hJ3c	Bryant Myers	4673378	83.0	['latin', 'reggaeton', 'reggaeton flow', 'trap latino', 'tropical']	https://i.scdn.co/image/39e142ad44d816f8ede83ea4e8885e411bc4cae2
76Xa625geVw0Q7BdyxNjA2	Mc Zaac	1516894	70.0	['funk carioca', 'funk pop']	https://i.scdn.co/image/8e04d37361c7045ed3e757892449e5c909b2a513
1OB278sOZVSFx5vXqYha83	J. Rey Soul	4352	69.0		https://i.scdn.co/image/df734c52604ee926d4c762befc077e2731771752
1Ts9of7VPZElwPQnqnDSfW	Lyanno	312370	83.0	['latin', 'reggaeton', 'reggaeton flow', 'trap boricua', 'trap latino']	https://i.scdn.co/image/60c36ae54f86cfb363340668fbc8425f8a74139f
47mIJdHORyRerp4os813jD	League of Legends	968907	82.0	['speedrun', 'video game music']	https://i.scdn.co/image/e709b2b238523d74d2a64cbe0cbf569b8bbf0d6c
0KPX4Ucy9dk82uj4GpKesn	Dalex	3253026	85.0	['latin', 'r&b en espanol', 'reggaeton', 'trap latino']	https://i.scdn.co/image/28335c389c63274a04e74b8bbdfa350f7e1214bb
5rGrDvrLOV2VV8SCFVGWlj	Imanbek	81891	84.0	['edm', 'electro house', 'pop dance', 'slap house', 'tropical house']	https://i.scdn.co/image/ab6772690000c46c09bedc30a908e616665228df
5tHiL8SKSaZGMBUPIiSmX4	KitschKrieg	153560	70.0	['german hip hop', 'german pop', 'hamburg hip hop']	https://i.scdn.co/image/d92947196753b1bd747893dd39c8776a6667d703
4oUHIQIBe0LHzYfvXNW4QM	Morgan Wallen	1563479	90.0	['contemporary country', 'deep talent show']	https://i.scdn.co/image/e9d5e31ed250f9eb331f17571a9a803cb41cf6c5
1lB3I3SI30v2ZOpR4XQqzJ	Gambi	895179	65.0	['francoton', 'french hip hop', 'pop urbaine', 'rap francais']	https://i.scdn.co/image/e9285329169cd2dad980f16647c94e55d326f18d
293zczrfYafIItmnmM3coR	Chuck Berry	1348245	70.0	['adult standards', 'blues rock', 'classic rock', 'rock', 'rock-and-roll', 'rockabilly', 'soul']	https://i.scdn.co/image/d58323616d4f5d22b51e9dfe0ba53aedabe53cd4
07YZf4WDAMNwqr4jfgOZ8y	Jason Derulo	9059673	89.0	['dance pop', 'pop', 'pop dance', 'pop rap', 'post-teen pop']	https://i.scdn.co/image/d9b6dce4c325d507b378fae7ebe8b13517732e24
1mcTU81TzQhprhouKaTkpq	Rauw Alejandro	4145518	94.0	['puerto rican pop', 'trap latino']	https://i.scdn.co/image/8090ef3f48596617b6d6d570198af850ab922c01
3t5xRXzsuZmMDkQzgOX35S	Robin Schulz	2673360	85.0	['dance pop', 'deep euro house', 'deep house', 'edm', 'german dance', 'pop', 'pop dance', 'tropical house']	https://i.scdn.co/image/7543994848db301e48f01c1d70e913ef4caa11f8
4EPJlUEBy49EX1wuFOvtjK	Becky Hill	268805	79.0	['dance pop', 'house', 'pop', 'pop dance', 'pop house', 'tropical house', 'uk dance', 'uk pop']	https://i.scdn.co/image/26814c13655a6df3b6630b5245e40e8a61ffaff6
7ACEUD7UsmmXrnj4OLt8f9	twocolors	27902	74.0	['pop edm']	https://i.scdn.co/image/83103fc090b425972c152a876b0eafe662f33717
1WgXqy2Dd70QQOU7Ay074N	AURORA	1216031	77.0	['art pop', 'norwegian pop']	https://i.scdn.co/image/a3ade0a92bb3c99514fb8d017024a7d9df1572b1
08GQAI4eElDnROBrJRGE0X	Fleetwood Mac	6190204	85.0	['album rock', 'classic rock', 'mellow gold', 'rock', 'soft rock', 'yacht rock']	https://i.scdn.co/image/8976b6b0aacba6f7859b1f0ab7bc0adcd6ea7444
5fSVkkuijRIpxuvSqysYiP	Snøw	96314	75.0	['emo rap', 'sad rap']	https://i.scdn.co/image/0ea5bda50f953c021d76760d330f8660f0247a23
48R2gYdPKtfnfKAzhSVPUx	Migrantes	65669	73.0	['cumbia pop']	https://i.scdn.co/image/1c64142b3eae8a0ab243a9f3b9f694150bbc453a
2RdwBSPQiwcmiDo9kixcl8	Pharrell Williams	3474343	84.0	['pop rap']	https://i.scdn.co/image/555bf2119822c212ebf8cbe12b2a9fbff964a2e7
47MpMsUfWtgyIIBEFOr4FE	Lunay	4085917	84.0	['latin', 'latin pop', 'reggaeton', 'reggaeton flow', 'trap latino', 'tropical']	https://i.scdn.co/image/701381c2a3b05e0964ea62ae0490b625ad67e84d
5hdhHgpxyniooUiQVaPxQ0	Nio Garcia	1662699		['latin', 'reggaeton', 'trap latino', 'tropical']	https://i.scdn.co/image/98da56aa4c5d6bbd0514b6b6d9645b5a28236c4e
30vzHJVtI7JWEKqk40eOdz	Niack	1269	0.0		
4SsVbpTthjScTS7U2hmr1X	Arcangel	6169222		['latin', 'latin hip hop', 'reggaeton', 'trap latino', 'tropical']	https://i.scdn.co/image/6548171735f9aa921589e059c7e6ef8e08116425
2pG0eQLB8CbmmWWmjJi4yd	Osquel	10265	68.0	['reggaeton flow']	https://i.scdn.co/image/762b0573d8c7d4868577ace3e2392ec18bff5993
15UsOTVnJzReFVN1VCnxy4	XXXTENTACION	26064287		['emo rap', 'miami hip hop']	https://i.scdn.co/image/3cffe518fd2708f1bd803e19e8f14c64f46cb958
5IbUz6BcOu6IVY512oxavP	Niño de Elche	19525		['spanish pop']	https://i.scdn.co/image/d687a59f695e389c4539022581e74bf74c57c4ad
5KEG7G8LDYlHgFDqZyEEs2	Chris Rea	555807	64.0	['album rock', 'blues rock', 'classic rock', 'mellow gold', 'soft rock', 'sophisti-pop']	https://i.scdn.co/image/973dda29c4a79692aacb05bb431072509377b738
69UfPJgUmFFAVT740qGVZi	Ken Darby Singers	228	50.0		
3fMbdgg4jU18AjLCKBhRSm	Michael Jackson	17800864	86.0	['pop', 'r&b', 'soul']	https://i.scdn.co/image/51dad9aaabe5643818840207a9a8957c2ad91bf2
5DUlefCLzVRzNWaNURTFpK	Cali Y El Dandee	2947745	79.0	['champeta', 'colombian pop', 'electro latino', 'latin', 'latin pop', 'reggaeton', 'reggaeton colombiano', 'trap latino', 'tropical']	https://i.scdn.co/image/dc5491541b6f6790ef6cc042043518ee9f5b2a36
3Fl1V19tmjt57oBdxXKAjJ	Blueface	3593119	78.0	['cali rap', 'trap']	https://i.scdn.co/image/6924d354dc0667e20868cc9d10c3117249fa6373
5he5w2lnU9x7JFhnwcekXX	Skrillex	7759510	81.0	['brostep', 'complextro', 'edm', 'electro']	https://i.scdn.co/image/3dc28e619c1beae86e4e971d9f095776e987c490
2pjb5ffSoVTr5lRYQXlnPu	Alessandra Amoroso	1110737	66.0	['italian adult pop', 'italian pop', 'italian pop rock']	https://i.scdn.co/image/abdb313d728ba5c6eb16483b4ad121edceb2afd2
3O5HD95HTEPgoPFOjAb7yV	DripReport	88738	66.0	['viral rap']	https://i.scdn.co/image/ed8a54e5974ca525f4c97365617e553d66e19882
1Ffb6ejR6Fe5IamqA5oRUF	Bring Me The Horizon	3632687	83.0	['melodic metalcore', 'metalcore', 'rock', 'uk metalcore']	https://i.scdn.co/image/33716e651af1bb27db6945b52e50cb5aef2fa75b
10exVja0key0uqUkk6LJRT	Vance Joy	2319746	80.0	['folk-pop', 'modern rock', 'pop', 'pop rock']	https://i.scdn.co/image/8bc7b5bf199580db517327e3341a21a590883fe3
1A8aoDrchH5aefQYBCfpLv	Gabriela	1790	52.0		
6eYFryfcEu3QSq59D62wZQ	Brendon Urie	93301	72.0		https://i.scdn.co/image/3a34b673e25cc0c1e61708469a154406cc78a459
6vWDO969PvNqNYHIOW5v0m	Beyoncé	26643021	89.0	['dance pop', 'pop', 'pop dance', 'post-teen pop', 'r&b']	https://i.scdn.co/image/ad8b0e5a18a5a443a2678768bd73f59833941abc
0vRvGUQVUjytro0xpb26bs	Arizona Zervas	587078	77.0	['pop rap', 'rhode island rap']	https://i.scdn.co/image/d549aadbb8b3a254fdc8e5ac93535a706463dce6
2IoSLl3tqYMq9DzR0d6NJN	Elams	167784	67.0	['francoton', 'french hip hop', 'pop urbaine', 'rap francais', 'rap marseille']	https://i.scdn.co/image/f20db76ac9bf968fda95f2e7b228c3eb588f270f
4VIvfOurcf0vuLRxLkGnIG	Bradley Cooper	175941	78.0	['hollywood']	https://i.scdn.co/image/d207b7babef86bfe4da836d90f894292c78476b7
02kJSzxNuaWGqwubyUba0Z	G-Eazy	4791552	85.0	['hip hop', 'indie pop rap', 'oakland hip hop', 'pop rap', 'rap']	https://i.scdn.co/image/dc5dc72c6406b9460e07c036a1ff7f84cb61abd6
7z5WFjZAIYejWy0NI5lv4T	Dan + Shay	2145812	81.0	['contemporary country', 'pop']	https://i.scdn.co/image/e0b8ddc138df064a9d712b8cd97b2750fb62abe4
23fqKkggKUBHNkbKtXEls4	Kygo	7292016	87.0	['edm', 'pop', 'pop dance', 'tropical house']	https://i.scdn.co/image/eee84c026e93f6d970fdc82c5010c45219530577
7qG3b048QCHVRO5Pv1T5lw	Enrique Iglesias	9967686		['dance pop', 'latin', 'latin pop', 'mexican pop', 'pop', 'tropical']	https://i.scdn.co/image/2bfeac48a9fd693e262335c96b8f7fb745b7b5f3
12vb80Km0Ew53ABfJOepVz	Ñengo Flow	2356711	82.0	['latin', 'latin hip hop', 'reggaeton', 'reggaeton flow', 'trap latino', 'tropical']	https://i.scdn.co/image/c389fc7862093d41cfd5525d385a5089b9525948
2PaZWGu5T5nHjY2xxAkFsT	THE SCOTTS	174179	71.0	['rap']	https://i.scdn.co/image/f17ad03ecc4f6ea716c90270020133ec277d35af
2o5jDhtHVPhrJdv3cEQ99Z	Tiësto	5456604	88.0	['big room', 'brostep', 'dance pop', 'dutch edm', 'edm', 'house', 'pop', 'pop dance', 'slap house', 'trance', 'tropical house']	https://i.scdn.co/image/bf09f128189d7b203ce73d84a87b2fadded4257b
0ErzCpIMyLcjPiwT4elrtZ	NLE Choppa	2858611	82.0	['memphis hip hop', 'trap']	https://i.scdn.co/image/a834398b4fe2264e2b16cec18d9d961aede25c88
07YUOmWljBTXwIseAUd9TW	Sebastian Yatra	14918420	87.0	['colombian pop', 'latin', 'latin pop', 'reggaeton', 'reggaeton colombiano', 'trap latino']	https://i.scdn.co/image/70515dd54ae8c77e02325ec1fafce65e9e625a9b
6nB0iY1cjSY1KyhYyuIIKH	FKA twigs	835426	71.0	['afrofuturism', 'alternative r&b', 'art pop', 'dance pop', 'escape room', 'experimental r&b', 'pop', 'trip hop']	https://i.scdn.co/image/9e922b8d2a8a275cc4185c5f6dbd23b5e21c0b16
4Uc8Dsxct0oMqx0P6i60ea	Conan Gray	2979014	84.0	['alt z', 'bedroom pop', 'electropop', 'indie pop', 'pop']	https://i.scdn.co/image/8a21ad56817a3c23f085aec9ced0beb9fa6f31db
4LLpKhyESsyAXpc4laK94U	Mac Miller	5627430	88.0	['hip hop', 'pittsburgh rap', 'rap']	https://i.scdn.co/image/ed63d93ec5348edc9cdf85c97179bbc78cd57292
7CajNmpbOovFoOoasH2HaY	Calvin Harris	21418086	88.0	['dance pop', 'edm', 'electro house', 'house', 'pop', 'pop dance', 'progressive house', 'uk dance']	https://i.scdn.co/image/af53b9a94b36d4d1af390841f23b7d7c4fcaf9b8
20sxb77xiYeusSH8cVdatc	Meek Mill	4887358	83.0	['hip hop', 'philly rap', 'pop rap', 'rap', 'southern hip hop', 'trap']	https://i.scdn.co/image/2c9ec5abeb91b41b6fac18ec974c7a2b85319c5d
0X2BH1fck6amBIoJhDVmmJ	Ellie Goulding	9229071	84.0	['dance pop', 'edm', 'electropop', 'indietronica', 'metropopolis', 'pop', 'pop dance', 'post-teen pop', 'tropical house', 'uk pop']	https://i.scdn.co/image/fdb2e3c50023c37eb1e3b7ea41ee10cafff14525
5GcWBUX00IPuWVGMIRK1sS	Residente	844858	67.0	['venezuelan hip hop']	https://i.scdn.co/image/d3b185191fa8186ce595fedd76f05d1f6c2e8cfe
2kRfqPViCqYdSGhYSM9R0Q	Madison Beer	2826232		['alt z', 'dance pop', 'electropop', 'pop', 'pop dance', 'post-teen pop']	https://i.scdn.co/image/c53a96784ba673885344b4fa2ba00dea85df35d7
7hJcb9fa4alzcOq3EaNPoG	Snoop Dogg	6715354	87.0	['g funk', 'gangster rap', 'hip hop', 'pop rap', 'rap', 'west coast rap']	https://i.scdn.co/image/11208d65843456cf3854717b8e411ef8fede7141
5SyGEPymt1G2uto47tVWvZ	MadeinTYO	966470	71.0	['atl hip hop', 'hip hop', 'melodic rap', 'pop rap', 'rap', 'southern hip hop', 'trap', 'underground hip hop', 'vapor trap']	https://i.scdn.co/image/73781da6e88b00e74ba2ad7067743ac2236efffd
4npEfmQ6YuiwW1GpUmaq3F	Ava Max	3131337	87.0	['dance pop', 'pop']	https://i.scdn.co/image/aae830927b34d6384ef4c385c359ebc4eeef6b77
6LuN9FCkKOj5PcnpouEgny	Khalid	13589309	92.0	['alternative r&b', 'pop']	https://i.scdn.co/image/480468924609319ff2c0ed518082be473793552a
2NfSBtmWe7oPw1EmetJVso	Boza	210705	80.0		https://i.scdn.co/image/6bf3724eb267dbdbbb6b6b0d1203a25153477dde
4V8LLVI7PbaPR0K2TGSxFF	Tyler, The Creator	5993118	87.0	['hip hop', 'rap']	https://i.scdn.co/image/fe839f5bd121774e64f377b5eead237c69a01711
5pVRwX5ZQR7hfJ18w8ZYkl	Ufo361	1638697	80.0	['german cloud rap', 'german hip hop']	https://i.scdn.co/image/9913cf6d7ffdd3d6b8866c5860841332e9437784
6tbjWDEIzxoDsBA1FuhfPW	Madonna	4875840		['dance pop', 'pop']	https://i.scdn.co/image/96b4818a65820e91e0e17fcf55a4d2213b019ad4
7zY0DMisq1oYXvNNgGwHBY	Juanfran	112044	65.0	['dominican pop', 'pop reggaeton', 'urbano espanol']	https://i.scdn.co/image/de2a05ed37124879fc3d3890906e53ff6d132ecb
4Ui2kfOqGujY81UcPrb5KE	HAIM	1059249	76.0	['art pop', 'dance pop', 'indie pop', 'metropopolis', 'pop dance', 'pop rock', 'rock']	https://i.scdn.co/image/89f4d643a8eae22f667288c4510bc43bb3c5cb1e
5INjqkS1o8h1imAzPqGZBb	Tame Impala	4760602	84.0	['australian psych', 'neo-psychedelic']	https://i.scdn.co/image/f8b1f2a47a920deb20fd3daf9031b2098b956e92
3QVolfxko2UyCOtexhVTli	Angèle	1882818	76.0	['belgian pop', 'variete francaise']	https://i.scdn.co/image/b655d75f60dde097298480ef5cbb4b07826d3e26
711MCceyCBcFnzjGY4Q7Un	AC/DC	18303617	86.0	['australian rock', 'hard rock', 'rock']	https://i.scdn.co/image/52f9c4f83d8642ed80a0bad0317ab940e034de08
7tYKF4w9nC0nq9CsPZTHyP	SZA	4860587	89.0	['pop', 'pop rap']	https://i.scdn.co/image/c249b8945231dce3dbc69a444c9ba2b2c92ec620
6kZWqUZqptyxb8Ki5DyBAg	DTG	8226	65.0	['afroswing']	https://i.scdn.co/image/440e3e47752b3cb330b0c9d8957b246fb2be2f9e
7arQA31aZVS8yS6zUveWzb	CJ	114837	82.0		https://i.scdn.co/image/be8501f897f6dc269c90e4c953849f9671a3772f
4cfKtwkefMW3aiXtxfw8w6	Nomcebo Zikode	63382	73.0	['south african pop']	https://i.scdn.co/image/ab67616d0000b2735b4cb281217b1762f1465756
5pUo3fmmHT8bhCyHE52hA6	Liam Payne	7397390	76.0	['dance pop', 'pop', 'post-teen pop']	https://i.scdn.co/image/74343f420b3425b2566c483b161c2d88d20af351
0JBdTCGs111JKKYfLqOEBa	SHIRIN DAVID	512246	63.0	['frauenrap', 'german pop']	https://i.scdn.co/image/7641c12efc65a986003f5e7d452768f2a3ac9b04
1KP6TWI40m7p3QBTU6u2xo	BØRNS	979809	76.0	['electropop', 'modern rock', 'pop']	https://i.scdn.co/image/1581dd782c16fb2b56b4b7397549fa98eea91b07
6Y64EaNqpqcZYTgs4c76gF	jxdn	665931	75.0	['social media pop']	https://i.scdn.co/image/ac8a8368972e6079b3461a2046e44eff960f15b4
07SFzTMeYf5P8Rd32a9Zzw	AK AUSSERKONTROLLE	666998	69.0	['deep german hip hop', 'german hip hop']	https://i.scdn.co/image/2fd6cc158fbefc1b23fd94cf221580cdc1b5ae51
7f02bxFbZIOVdSbYRNYvLT	Jerry Di	107456	74.0	['cubaton', 'pop venezolano', 'reggaeton', 'trap latino']	https://i.scdn.co/image/2183627b5867ab7308e3e659c2accb22fe4242d2
3BmGtnKgCSGYIUhmivXKWX	Kelly Clarkson	7479734	80.0	['dance pop', 'neo mellow', 'pop', 'pop dance', 'pop rock', 'post-teen pop', 'talent show', 'urban contemporary']	https://i.scdn.co/image/edf21f431930210f657b50c50f1af3835d65447a
6ZLTlhejhndI4Rh53vYhrY	Ozzy Osbourne	3458396	77.0	['album rock', 'birmingham metal', 'hard rock', 'metal', 'rock']	https://i.scdn.co/image/59cb2a9f548a1e53e91f90fe6bcf9d7aef4f5856
6bwp9ObI8FWvMPCIWVBmhl	Red Velvet - IRENE & SEULGI	251021	63.0	['k-pop']	https://i.scdn.co/image/7bb4ce9ee386a2ede533c1debe4f4f3587e58f5a
2cCUtGK9sDU2EoElnk0GNB	The National	1297997	73.0	['indie rock', 'modern rock', 'stomp and holler']	https://i.scdn.co/image/21b165584e04249611a0f8091f2dfcebdbf3d958
3pjq2pDV9RR6VY55wBjVnp	Dardan	824988	75.0	['albanian hip hop', 'german hip hop']	https://i.scdn.co/image/c2e6eb2c3233ece750d15e2e4401fb4331d4e786
5JYo7gm2dkyLLlWHjxS7Dy	Sandro Cavazza	69197	74.0	['swedish pop', 'tropical house']	https://i.scdn.co/image/9b0cc8f7fb7936cdf3a46cf0d1c3d71850ece2fd
2fZcYu4ltOFdwsnDmLQ9jl	DJ Fle	2227	61.0		https://i.scdn.co/image/ab67616d0000b273b9c350cbe796772497916929
22jNvLBrXGKr4CcV2tw8Ag	Jonas Esticado	1134789		['forro', 'sertanejo', 'sertanejo pop', 'sertanejo universitario']	https://i.scdn.co/image/955fcceeda0f888561ac08598cf14c49e173503d
53EHeXzGs4HheTCTnwfPEr	SFR	779	70.0		https://i.scdn.co/image/47811d1c0f36f627623b395578edde15ca1767ff
3mIj9lX2MWuHmhNCA7LSCW	The 1975	4809711	82.0	['modern alternative rock', 'modern rock', 'nu gaze', 'pop', 'rock']	https://i.scdn.co/image/94dd2feca73bdfb7e1c12751b499ec0a46024866
7c0XG5cIJTrrAgEC3ULPiq	Ty Dolla $ign	3715672	90.0	['pop rap', 'r&b', 'trap', 'trap soul']	https://i.scdn.co/image/38c4d40a0baf5c1a31bb5b09ac07a32d5d11d7e0
7okSU80WTrn4LXlyXYbX3P	Clinton Kane	223465	76.0	['alt z', 'indie cafe pop', 'pop']	https://i.scdn.co/image/ab33fcac145202f69d8a7c3213131fb839b6ac00
1XLWox9w1Yvbodui0SRhUQ	StaySolidRocky	140597	72.0	['melodic rap']	https://i.scdn.co/image/8dcf6ad6cb29257dc3e7c6c4cf1c4d3953413359
2YZyLoL8N0Wb9xBt1NhZWg	Kendrick Lamar	16805148	90.0	['conscious hip hop', 'hip hop', 'rap', 'west coast rap']	https://i.scdn.co/image/3a836196bfb341f736c7fe2704fb75de53f8dfbb
19u3RGWKsjmbg9eI6zAiNp	13 Organisé	79026	67.0	['french hip hop', 'pop urbaine', 'rap francais']	https://i.scdn.co/image/57d06d23008d2d83efe3eae365f0dd326ea6f276
4STHEaNw4mPZ2tzheohgXB	Paul McCartney	3417658	76.0	['album rock', 'art rock', 'beatlesque', 'classic rock', 'mellow gold', 'rock', 'soft rock']	https://i.scdn.co/image/144e83691af185e352e4bab7fd396f94ca285204
0n6sKrG0xKAf8xmdqeNGke	Los Legendarios	7071	82.0	['reggaeton', 'reggaeton flow', 'trap latino', 'tropical']	https://i.scdn.co/image/f28728b4c0a0d4c1fcaf6e85f04539746df1b5c5
2eogQKWWoohI3BSnoG7E2U	Donna Summer	1238273	72.0	['dance pop', 'disco', 'hi-nrg', 'motown', 'new wave pop']	https://i.scdn.co/image/34c3513ef98084a71829f6b93ac04ce0aa66b07d
4RVnAU35WRWra6OZ3CbbMA	Kylie Minogue	1235927	76.0	['australian dance', 'australian pop', 'dance pop', 'electropop', 'eurodance', 'europop', 'new wave pop', 'pop', 'pop dance']	https://i.scdn.co/image/471aae2bc20f974dbf573adeba5c3e00b9a6dd7b
6Mm2g25BTeJ6BICPFWGkPg	Bosh	269195		['francoton', 'french hip hop', 'pop urbaine', 'rap francais']	https://i.scdn.co/image/d391664c31e41dff3093c8ecbdff168586ecca76
523y9KSneKh6APd1hKxLuF	Master KG	196727	73.0	['south african house']	https://i.scdn.co/image/21ac530e68759b9641fd10aea5591b4b71ad84e5
5IH6FPUwQTxPSXurCrcIov	Alec Benjamin	2511469		['alt z', 'electropop', 'pop']	https://i.scdn.co/image/3456c9584254a3269549795b0bd63e841a86e974
2AfmfGFbe0A0WsTYm0SDTx	(G)I-DLE	2381643	78.0	['k-pop', 'k-pop girl group']	https://i.scdn.co/image/6744b6a37d1c29cb5fc626795106257549730724
1fctva4kpRbg2k3v7kwRuS	Rvssian	1256547	72.0	['latin', 'latin hip hop', 'reggaeton', 'reggaeton flow', 'trap latino', 'tropical']	https://i.scdn.co/image/81fefa51da248d7b46a6c47acdb81a01d24189e9
2tIP7SsRs7vjIcLrU85W8J	The Kid LAROI	1493037	91.0	['australian hip hop']	https://i.scdn.co/image/844174ebb00367f7a1b32700d9b64aae167e8089
5pKCCKE2ajJHZ9KAiaK11H	Rihanna	41775923	93.0	['barbadian pop', 'dance pop', 'pop', 'pop dance', 'post-teen pop', 'r&b', 'urban contemporary']	https://i.scdn.co/image/1fc2f537d678d701d7d143a8fd4f0c2f29fbde22
7uaIm6Pw7xplS8Dy06V6pT	Trevor Daniel	586304	79.0	['alternative r&b', 'melodic rap', 'pop rap']	https://i.scdn.co/image/42dce8deb4dae01e1b39964981d099c92dff1902
6ZjFtWeHP9XN7FeKSUe80S	Bing Crosby	342283	65.0	['adult standards', 'easy listening', 'lounge']	https://i.scdn.co/image/ae161dc2c147cbebc97ff1a1cdc3e43fee7ba7dc
0H39MdGGX6dbnnQPt6NQkZ	SAINt JHN	675184	82.0	['melodic rap', 'pop rap', 'rap', 'slap house']	https://i.scdn.co/image/1a820d8cdf598b740087c5fd5a57cd19d4782535
6icQOAFXDZKsumw3YXyusw	Lil Yachty	7009550	83.0	['atl hip hop', 'hip hop', 'melodic rap', 'rap', 'southern hip hop', 'trap', 'underground hip hop']	https://i.scdn.co/image/e5271c94202acebab521f1977757eae5cafc2a9b
7nqlScm2smydSRl13eaP8E	Nea	34185	74.0	['scandipop', 'tropical house']	https://i.scdn.co/image/f1faef6f8a7d55e2d68ef6c7e45ace63679e748f
7MPGCB854Qo4alYMOPkBka	Ritt Momney	88529	75.0	['bedroom pop']	https://i.scdn.co/image/7c7c87fc7a72f63c322c53f5175bbe23e9b74941
4GvEc3ANtPPjt1ZJllr5Zl	Bazzi	4119356	81.0	['dance pop', 'electropop', 'pop', 'post-teen pop']	https://i.scdn.co/image/f1d8f8439b1120fad1f87e59a223998c85036638
0gadJ2b9A4SKsB1RFkBb66	Passenger	2747371	78.0	['folk-pop', 'neo mellow', 'pop', 'pop rock']	https://i.scdn.co/image/d1aec24a93e70d3ed91cf9432b6c4fb8b7560de0
1lmU3giNF3CSbkVSQmLpHQ	Surf Mesa	120531	75.0	['tropical house']	https://i.scdn.co/image/21745ee8f97f1ac38e7ce6d9781215e093a7db26
0x7qiZJaal6j8qS7yCydFk	Savage Ga$p	146076	74.0	['emo rap', 'meme rap', 'viral rap']	https://i.scdn.co/image/a866e0770f0575cab13c6390cbd0b64669b862b6
6MDME20pz9RveH9rEXvrOM	Clean Bandit	4248000	82.0	['dance pop', 'edm', 'pop', 'pop dance', 'post-teen pop', 'tropical house', 'uk dance', 'uk funky']	https://i.scdn.co/image/faf4de3c0ad6b92e414b06df131d11e64d23c3a4
6JL8zeS1NmiOftqZTRgdTz	Meghan Trainor	10196774	81.0	['dance pop', 'hip pop', 'pop', 'pop dance', 'post-teen pop']	https://i.scdn.co/image/56b7eee8b1e10cf436d689fc7b9c56a99e86267f
63yrD80RY3RNEM2YDpUpO8	Melanie Martinez	9710183	84.0	['alt z', 'dance pop', 'electropop', 'pop']	https://i.scdn.co/image/92a5ad8518a21a8667f8962cdca0524d34e4771c
3xWSt0mL474uQlh5Zm6NsW	Offset	722			https://i.scdn.co/image/ab67616d0000b27391d3544c8bc4b991e0101c4f
2DaxqgrOhkeH0fpeiQq2f4	Oasis	6046279	81.0	['beatlesque', 'britpop', 'madchester', 'permanent wave', 'rock']	https://i.scdn.co/image/2fe839dab1281dd51daf908a4f1a3080008a9f9f
0NWbwDZY1VkRqFafuQm6wk	Mike WiLL Made-It	1212894	74.0	['atl hip hop', 'hip hop', 'pop rap', 'rap', 'southern hip hop', 'trap', 'underground hip hop']	https://i.scdn.co/image/81f1dd8ed0664a51366afb2a664666b4d99bbcf1
4dpARuHxo51G3z768sgnrY	Adele	26296798		['british soul', 'pop', 'pop soul', 'uk pop']	https://i.scdn.co/image/ccbe7b4fef679f821988c78dbd4734471834e3d9
0tmwSHipWxN12fsoLcFU3B	Manuel Turizo	7099961	87.0	['colombian pop', 'latin', 'latin pop', 'reggaeton', 'reggaeton colombiano', 'trap latino', 'tropical']	https://i.scdn.co/image/9582df8b3952eb478447cb5286a25153ad966d3a
3hcs9uc56yIGFCSy9leWe7	Lil Durk	2336305	89.0	['chicago drill', 'chicago rap', 'drill', 'hip hop', 'rap', 'southern hip hop', 'trap']	https://i.scdn.co/image/f8dc61918b7f8c133a9834338740381c8d2f1bea
13y7CgLHjMVRMDqxdx0Xdo	Gucci Mane	3750245	84.0	['atl hip hop', 'dirty south rap', 'gangster rap', 'hip hop', 'pop rap', 'rap', 'southern hip hop', 'trap']	https://i.scdn.co/image/dbe9206d667fe9677387f6eab063183a35217074
7EQ0qTo7fWT7DPxmxtSYEc	Bastille	4676983	81.0	['metropopolis', 'modern rock', 'pop', 'pop rock', 'rock', 'tropical house']	https://i.scdn.co/image/db20198e68faf1700fff4e185a0ec3f774e5b1fc
1UTPBmNbXNTittyMJrNkvw	Blake Shelton	5660955	78.0	['contemporary country', 'country', 'country road', 'oklahoma country']	https://i.scdn.co/image/c18fe310855c2311eee99a7ebb796a2a81eaf6e7
7n2wHs1TKAczGzO7Dd2rGr	Shawn Mendes	31997377		['canadian pop', 'pop', 'post-teen pop', 'viral pop']	https://i.scdn.co/image/809b93c47fca237138e53968d86682f09d0f45a2
23TFHmajVfBtlRx5MXqgoz	Sfera Ebbasta	4261005		['italian hip hop', 'italian pop', 'trap italiana']	https://i.scdn.co/image/06ccd7f1870c7b2c0a93b5d7d34587180945588b
55Aa2cqylxrFIXC767Z865	Lil Wayne	10210295	91.0	['hip hop', 'new orleans rap', 'pop rap', 'rap', 'trap']	https://i.scdn.co/image/df959d3993ded32689c465c1e6d0e96b612c1404
7KHA7OOevgTDFhlym0oEyP	Adriana Proenza	15183	70.0	['spanish indie pop']	https://i.scdn.co/image/eb4dd28b4a0ac22a265574b278d8f721ccda4c9e
6zrOXBaNn0DqJeXxgC2eyH	Houari	3995	66.0	['pop urbaine']	https://i.scdn.co/image/ab67616d0000b2730e829b7d602c05e982defe37
6Xgp2XMz1fhVYe7i6yNAax	Trippie Redd	5976481	89.0	['melodic rap', 'rap', 'trap']	https://i.scdn.co/image/7d6bc1620b53491f82284adb9736eb8299a95a6e
0QJIPDAEDILuo8AIq3pMuU	M.I.A.	998815	75.0	['dance pop', 'escape room', 'indietronica', 'new rave', 'pop rap']	https://i.scdn.co/image/31ef1aaf80f623deaeda9c8d5a4074b7f8b34516
2FXC3k01G6Gw61bmprjgqS	Hozier	4545185	83.0	['irish singer-songwriter', 'modern rock', 'pop']	https://i.scdn.co/image/2e4114631a20bd71903bc335b88f872afdce9a33
4AK6F7OLvEQ5QYCBNiQWHq	One Direction	20506607	91.0	['boy band', 'pop', 'post-teen pop', 'talent show']	https://i.scdn.co/image/5bb443424a1ad71603c43d67f5af1a04da6bb3c8
7n2Ycct7Beij7Dj7meI4X0	TWICE	8381326	84.0	['k-pop', 'k-pop girl group']	https://i.scdn.co/image/8b433d593721665572d1cff5d3770385354e9ccf
1MIVXf74SZHmTIp4V4paH4	Mabel	1225044	80.0	['dance pop', 'edm', 'pop', 'pop dance', 'post-teen pop', 'tropical house', 'uk pop']	https://i.scdn.co/image/c7045030d8c544d8211dc4a918928ba6cacbbb46
4nDoRrQiYLoBzwC5BhVJzF	Camila Cabello	20604970	86.0	['dance pop', 'electropop', 'pop', 'pop dance', 'post-teen pop']	https://i.scdn.co/image/667daebca4856db3f4cbe8f51a4881091e62c401
5f7VJjfbwm532GiveGC0ZK	Lil Baby	6528229	94.0	['atl hip hop', 'atl trap', 'rap', 'trap']	https://i.scdn.co/image/56b6de5bda0459783c9e59b06efa45a14904ad06
7jVv8c5Fj3E9VhNjxT4snq	Lil Nas X	4182421	82.0	['country rap', 'lgbtq+ hip hop', 'pop rap', 'queer country']	https://i.scdn.co/image/b9895b37470e380641c6718fd3b2ef43ed3f0532
2LIk90788K0zvyj2JJVwkJ	Jack Harlow	775527	85.0	['deep underground hip hop', 'kentucky hip hop', 'pop rap', 'rap']	https://i.scdn.co/image/98e354db8bafef4b3be444bad6f0535ad72bf5f6
4GNC7GD6oZMSxPGyXy4MNB	Lewis Capaldi	7276296		['pop', 'uk pop']	https://i.scdn.co/image/5ed13d249e562fea4e296aaeb745ce06d27ec88f
1dfeR4HaWDbWqFHLkxsg1d	Queen	32828442	90.0	['classic rock', 'glam rock', 'rock']	https://i.scdn.co/image/b040846ceba13c3e9c125d68389491094e7f2982
5Lv2GUVwqmQBPwrTrxucE5	Os Barões Da Pisadinha	2665535	88.0	['forro', 'piseiro']	https://i.scdn.co/image/733cebac4d6709247fef2bb12a8d7fb7f2457dab
1AwO9pWEBSBoWdEZu28XDC	Eartha Kitt	120173	53.0	['adult standards', 'lounge', 'torch song', 'vocal jazz']	https://i.scdn.co/image/9c4b83881443be38586057b7a2c0a2012b210c65
3DKkhRCGOG4e8IUPYFPfWs	Dixie D’Amelio	851265	68.0	['social media pop']	https://i.scdn.co/image/6b60746dfd9350129c24dec5c2264e462d3ebc25
5WUlDfRSoLAfcVSX1WnrxN	Sia	19062488	91.0	['australian dance', 'australian pop', 'dance pop', 'pop', 'pop dance']	https://i.scdn.co/image/63e7afb473ac268477b4436dc66510bebbc73791
5CAx2uZYeKOZxvasIfk9TY	Sweet	1243	49.0		
3tXUeiWOSod3mSQ2lOautf	Wes	8141	64.0		https://i.scdn.co/image/0d46b384f36fdc1ff4a0894d5af1b27cc12993bb
4mAsWDGLUIEdo6imU77WG6	Boomdabash	490134	67.0	['italian adult pop', 'italian pop', 'italian reggae']	https://i.scdn.co/image/d8d9065259d58400b4b56cb932f19df83604e6f1
2oQX8QiMXOyuqbcZEFsZfm	El Alfa	1551789	83.0	['dembow', 'latin', 'rap dominicano', 'reggaeton', 'trap latino', 'tropical']	https://i.scdn.co/image/52603cddb5b4a4bde5c0dc011b07c6f5ad285909
6UlNIFEuWlBqb4TvlVCekq	Kirsty MacColl	78051	56.0	['classic uk pop', 'dance rock', 'new wave pop']	https://i.scdn.co/image/6ae0e13282828b83708bf90997e2a1829ccceb5a
28gNT5KBp7IjEOQoevXf9N	Camilo	7744745	91.0	['colombian pop', 'reggaeton colombiano']	https://i.scdn.co/image/6a92803277927bcbe4e93115031e5e370bfe9014
2Cra8I2P4OnMkVguqZRVwi	Felipe Original	60894		['brega funk']	https://i.scdn.co/image/4b0ce36e06fc76883f19aa86d589b565ad3f8dde
2JbE7jUIGtpXSzytnyMg6U	Curtis Waters	62492	68.0		https://i.scdn.co/image/11b08bbc59f02998d8e3a607db9d059246ad0ae6
5RaQ9nmVGoTye2SI76x3yw	Kofs	214882	67.0	['french hip hop', 'pop urbaine', 'rap francais', 'rap marseille']	https://i.scdn.co/image/0a7d55cc80878f69108e8f8896e119a59bf5359d
4QVBYiagIaa6ZGSPMbybpy	Pedro Capó	1320387	76.0	['latin', 'latin pop', 'puerto rican pop']	https://i.scdn.co/image/9cffaa08d7e01c22cd49775ac8d7f0aeccd07d15
7FNnA9vBm6EKceENgCGRMb	Anitta	10364304	84.0	['funk carioca', 'funk pop', 'pagode baiano', 'pop nacional']	https://i.scdn.co/image/dc7bf04a0010004ab430002f6bc242f1d33a6508
2cWZOOzeOm4WmBJRnD5R7I	Normani	1137803	75.0	['dance pop', 'pop', 'post-teen pop', 'r&b']	https://i.scdn.co/image/eaef9743235fa95f1cb777fb690747c2fbd7e01d
76dRoxKtDwYkgCQePok9cU	Miksu / Macloud	16699		['german hip hop']	https://i.scdn.co/image/81d53419cc8e376670c94774a426077bfa822fd5
4ETSs924pXMzjIeD6E9b4u	Surfaces	665519	77.0	['bedroom soul', 'pop']	https://i.scdn.co/image/0d125e224948b5e4716239384839230205832084
0b62itBWBdLgiecXjXCqKC	Maxwell	165687	71.0	['deep german hip hop', 'german hip hop']	https://i.scdn.co/image/01dcbd84762dde71ca74330bed774349d67bc382
60rpJ9SgigSd16DOAG7GSa	Billy Ray Cyrus	184121	72.0	['country', 'country rock']	https://i.scdn.co/image/c4a8c14d9ceaa50a232b9da8faec188c1b831626
15iVAtD3s3FsQR4w1v6M0P	Chief Keef	2631617	77.0	['chicago drill', 'chicago rap', 'drill', 'hip hop', 'pop rap', 'rap', 'southern hip hop', 'trap', 'underground hip hop']	https://i.scdn.co/image/0d37568c7a17bc9139d21f3f8d4a4de797672360
20JZFwl6HVl6yg8a4H3ZqK	Panic! At The Disco	10543657	85.0	['baroque pop', 'emo', 'modern rock']	https://i.scdn.co/image/58518a04cdd1f20a24cf0545838f3a7b775f8080
6Gk5hoM7eW8NSCYhICMDHw	Zak Abel	125020		['uk contemporary r&b']	https://i.scdn.co/image/7b8f84678b6849c92eb3b4f9ad0467dcb88c3081
2p1fiYHYiXz9qi0JJyxBzN	Skepta	896473	80.0	['birmingham grime', 'grime', 'instrumental grime', 'rap']	https://i.scdn.co/image/1d779b4ef742c359d342ce331e67c716e8b563f0
71jSVPQ6yskfyvWeiwvT5s	S1mba	41712	69.0	['afroswing']	https://i.scdn.co/image/d95d88e93bb0b3aace8044eff945b0463bb09543
3VHAySZQPlfGlNLslzXYpN	Nathy Peluso	470567	78.0	['r&b en espanol', 'rap latina']	https://i.scdn.co/image/31fe825007bc1bb926c81003896aec671dc90cb6
7yntSJ6uojO3z6GFUVwhAW	CORPSE	1468223	80.0	['viral rap']	https://i.scdn.co/image/a6f321b07f985820a3e26350248d6cfca8868bdd
1uNFoZAHBGtllmzznpCI3s	Justin Bieber	43582165		['canadian pop', 'pop', 'post-teen pop']	https://i.scdn.co/image/6176ed27c8a6c5293b79e5574616db22073a8629
0xRXCcSX89eobfrshSVdyu	MEDUZA	394662	84.0	['edm', 'pop dance', 'pop house', 'tropical house']	https://i.scdn.co/image/454d264e5ba4e1bdd945d85494d3516cb4c278a4
20gsENnposVs2I4rQ5kvrf	Sam Feldt	608810	81.0	['dance pop', 'edm', 'electro house', 'pop', 'pop dance', 'pop edm', 'tropical house']	https://i.scdn.co/image/b720d3aafb2d6238938e4f78c5f3b04b16d7d1c0
3E6xrwgnVfYCrCs0ePERDz	Wisin	6488484	87.0	['latin', 'latin hip hop', 'reggaeton', 'trap latino', 'tropical']	https://i.scdn.co/image/5aa411a8252b9fa0bfd47aaec7d705c9d2571255
55fhWPvDiMpLnE4ZzNXZyW	Noah Cyrus	823074	79.0	['alt z', 'dance pop', 'pop', 'post-teen pop']	https://i.scdn.co/image/ff4dc51899aa1e93a414f4f1a3ce9e680dd78cb4
7ltDVBr6mKbRvohxheJ9h1	ROSALÍA	4622834	88.0	['r&b en espanol']	https://i.scdn.co/image/69b90048c580637065306b998d47bbb82fafc959
6sFHvCyqklnJpXC9Nh1aag	Alexander 23	159110	75.0	['alt z', 'electropop', 'indie cafe pop', 'pop', 'post-teen pop']	https://i.scdn.co/image/d6ebe44d5e2e9fee188a87afecf50e31ba72033e
1q13yHC6Syg5Y8iPLrRnCq	Joell Ortiz	120106	57.0	['alternative hip hop', 'battle rap', 'boom bap', 'hardcore hip hop']	https://i.scdn.co/image/87fae71d6ca62a3821c1c37e42f9c62b317308f6
5uYe4bcAXlMP7d4mrOYkML	Niack	304217	70.0	['funk carioca']	https://i.scdn.co/image/eaeec8a5a7b5586f406c6c879741f9bb0bf4357b
2KC9Qb60EaY0kW4eH68vr3	ITZY	1752863	75.0	['k-pop girl group']	https://i.scdn.co/image/d66b3134fbf49045d68e8bbc99e6790bb1170003
1SupJlEpv7RS2tPNRaHViT	Nicky Jam	14133319	89.0	['latin', 'latin hip hop', 'reggaeton', 'trap latino', 'tropical']	https://i.scdn.co/image/127e36f7f7d8b00c37f1888a3da12ea931d7b643
3jk39CGeaaSO3FPKNx1RUx	Syd	384933	70.0	['alternative r&b', 'escape room', 'indie soul', 'lgbtq+ hip hop']	https://i.scdn.co/image/043e7be1140838b9903a60b6400e9ae775e122ee
7vk5e3vY1uw9plTHJAMwjN	Alan Walker	27549489	87.0	['electro house']	https://i.scdn.co/image/0ab918e81e59378d6f7368a10f392be54020472d
7CyeXFnOrfC1N6z4naIpgo	The Ronettes	167027	64.0	['adult standards', 'brill building pop', 'classic girl group', 'motown', 'soul']	https://i.scdn.co/image/d767898408f0dc6a3829d8b26fabafb2c2b2e71d
3p7PcrEHaaKLJnPUGOtRlT	Henrique & Juliano	12679199	81.0	['sertanejo pop', 'sertanejo universitario']	https://i.scdn.co/image/f9e65e111cbb16276d2c27dcdd5b8759b23f6d10
5nki7yRhxgM509M5ADlN1p	Oliver Heldens	904016	76.0	['dance pop', 'edm', 'electro house', 'future house', 'house', 'pop dance', 'progressive electro house', 'progressive house', 'tropical house']	https://i.scdn.co/image/c979ea43fbff3e9641252fa9df4efb8f326294ac
4fxd5Ee7UefO4CUXgwJ7IP	Giveon	780203		['pop']	https://i.scdn.co/image/7336d78c90f365c33a72e04b0b627d4a483c981b
3YQKmKGau1PzlVlkL1iodx	Twenty One Pilots	19864211		['modern rock', 'rock']	https://i.scdn.co/image/19e8f3bc875b7a4b9cf0041a5ee696c4be5478aa
77ziqFxp5gaInVrF2lj4ht	Sech	7579478	90.0	['latin', 'panamanian pop', 'reggaeton', 'trap latino']	https://i.scdn.co/image/5d8513b9cb8ab6918296feec6a3bb18fdd526568
3drqpTL4sQOckmAfF9i1wg	Summer Cem	1000272	74.0	['german hip hop']	https://i.scdn.co/image/d7c2124c6eca6ece3a2ea219c583f0c0b1ad2f00
0C0XlULifJtAgn6ZNCW2eu	The Killers	5893781	82.0	['modern rock', 'permanent wave', 'rock']	https://i.scdn.co/image/c85f1ea9f92dc0cc43965a0c727c4a1cdd1c2540
5YGY8feqx7naU7z4HrwZM6	Miley Cyrus	14494856		['dance pop', 'pop', 'pop dance', 'post-teen pop']	https://i.scdn.co/image/f040656afb8bc16cd44781dd39ea3d02184f5c0f
4r63FhuTkUYltbVAg5TQnk	DaBaby	6169495		['north carolina hip hop', 'rap']	https://i.scdn.co/image/610e4b5d2728ceebc10bd03e0eb836aa98ab9149
00FQb4jTyendYWaN8pK0wa	Lana Del Rey	12504595		['art pop', 'pop']	https://i.scdn.co/image/d79b3e6cc42de7f44c8f131ed9b3ed594202e400
7iK8PXO48WeuP03g8YR51W	Myke Towers	4693687	96.0	['trap latino']	https://i.scdn.co/image/bd2610f5c5cf99859197aec363140f991cff5e25
1Hsdzj7Dlq2I7tHP7501T4	Niall Horan	6958158	83.0	['dance pop', 'pop', 'post-teen pop']	https://i.scdn.co/image/a41d5d740f37009788c877d3a50f7989579f3e8b
1oMiDFyAgmIzw9ZBQYHOJI	El Guincho	42293	67.0	['musica canaria']	https://i.scdn.co/image/a38e0672bdfd1b9ec5fb55b9703297868a21b98c
757aE44tKEUQEqRuT6GnEB	Roddy Ricch	5765282	89.0	['melodic rap', 'rap', 'trap']	https://i.scdn.co/image/020e997fb003cf666859a90b57ca0519df769d30
0QHgL1lAIqAw0HtD7YldmP	DJ Khaled	5805151	83.0	['dance pop', 'hip hop', 'miami hip hop', 'pop', 'pop rap', 'rap', 'southern hip hop', 'trap']	https://i.scdn.co/image/be238576e467ed3683758b260e01c983bb638623
5Pwc4xIPtQLFEnJriah9YJ	OneRepublic	11484144	85.0	['dance pop', 'neo mellow', 'piano rock', 'pop', 'pop rock']	https://i.scdn.co/image/5d3c1ba4fe1c8bf44591864e725d7b0f98e46755
38EmEgXkgK51MT2tPY0EoC	Bobby Helms	19919	57.0	['adult standards']	https://i.scdn.co/image/1dcd3f5d64a65f19d085b8e78746e457bd2d2e05
4utLUGcTvOJFr6aqIJtYWV	Skylar Grey	446539	74.0	['electropop', 'piano rock', 'viral pop']	https://i.scdn.co/image/094d49557e2af1bc0a8deab8fbfc5f37c77bb074
14zUHaJZo1mnYtn6IBRaRP	Justin Quiles	2604032	89.0	['latin', 'reggaeton', 'trap latino']	https://i.scdn.co/image/0c85be62acd83b3b271beb0bc69d57469c56cf4d
66W9LaWS0DPdL7Sz8iYGYe	JP Saxe	230467	79.0	['alt z', 'canadian contemporary r&b', 'indie cafe pop', 'pop', 'post-teen pop']	https://i.scdn.co/image/8a5d247f7f320893e57fcd8e8d3ca3a55464cf21
43ZHCT0cAZBISjO8DG9PnE	Elvis Presley	5221352	82.0	['adult standards', 'rock-and-roll', 'rockabilly']	https://i.scdn.co/image/5629fbf1c4e0bc4155eca3e08a2b98065eedd305
0EmeFodog0BfCgMzAIvKQp	Shakira	21206397	88.0	['colombian pop', 'dance pop', 'latin', 'latin pop', 'pop']	https://i.scdn.co/image/93e6b100a00437a05f57aa66ce41208811296fc8
3SUT1jjM5hzZj9TLfLZGIP	Tego Calderon	2272178	74.0	['latin', 'latin hip hop', 'rap boricua', 'reggaeton', 'trap latino', 'tropical']	https://i.scdn.co/image/e1b7116d076f3f6fb0bbc11ae9324e97acc4368d
699OTQXzgjhIYAHMy9RyPD	Playboi Carti	4496377	86.0	['atl hip hop', 'hip hop', 'rap', 'trap']	https://i.scdn.co/image/5135930ac3774dff22b1935f40fa5be80ed99f47
2iE18Oxc8YSumAU232n4rW	The Jackson 5	1102997	72.0	['adult standards', 'motown']	https://i.scdn.co/image/19f768d93f6c80f7d4ca5b906e1c0376a3704389
5lKZWd6HiSCLfnDGrq9RAm	Leona Lewis	2696968	73.0	['british soul', 'dance pop', 'europop', 'pop', 'pop dance', 'post-teen pop', 'talent show', 'urban contemporary']	https://i.scdn.co/image/20f86a2a2b841e07b3cd05de2c8dde2652ca98c5
4WZGDpNwrC0vNQyl9QzF7d	Capital Bra	3942086		['german hip hop']	https://i.scdn.co/image/d03852fe340cb703676ef25a2e66368c788c4b95
06HL4z0CvFAxyc27GXpf02	Taylor Swift	37852182	98.0	['dance pop', 'pop', 'pop dance']	https://i.scdn.co/image/8389f45cac7a58e3ab67a3bdeb5b4a0f9d8f7919
2NJWI8byqTSqDaJRnqJY2z	KALIM	205506	64.0	['german hip hop', 'german trap', 'german underground rap', 'hamburg hip hop']	https://i.scdn.co/image/307b60d0a1622615b702e97215bc7500913ba672
3KwmxIhSe9UTSEF37kwngR	SHAED	127703	70.0	['electropop', 'pop']	https://i.scdn.co/image/f806af4f6b194196bd98b90d6600b3d00a5f9c8b
1Xylc3o4UrD53lo9CvFvVg	Zara Larsson	8529796	83.0	['dance pop', 'edm', 'electropop', 'pop', 'pop dance', 'post-teen pop', 'scandipop', 'swedish electropop', 'swedish pop', 'tropical house']	https://i.scdn.co/image/55e14872fa5018596f550026d333e75bcb2cf4c4
3oDbviiivRWhXwIE8hxkVV	The Beach Boys	3042082	77.0	['baroque pop', 'brill building pop', 'classic rock', 'folk rock', 'psychedelic rock', 'rock', 'sunshine pop']	https://i.scdn.co/image/5fb9bc3a8a82b24708b91ee3a4beb5eda79bd16a
1r4hJ1h58CWwUQe3MxPuau	Maluma	24571252	93.0	['reggaeton', 'reggaeton colombiano']	https://i.scdn.co/image/c221e75282ba726bae56dc705fb257be8900726e
7qd6KGoABHifvXKeFNe2Yb	Wolftyla	49939	67.0	['trap queen']	https://i.scdn.co/image/a5619d68d33d0f9f4c9b68ae170097a9f66dc051
1Bl6wpkWCQ4KVgnASpvzzA	BROCKHAMPTON	1721750	77.0	['boy band', 'hip hop', 'rap']	https://i.scdn.co/image/c5d8db5b41cdf04a63ab8dc30c4f92a9b9005263
1W7FNibLa0O0b572tB2w7t	Pink Sweat$	633706	81.0	['bedroom soul', 'pop']	https://i.scdn.co/image/c9d0a7271b1906ff47eba7a38dbd91114f18e2ae
6AT27ojKlBuZToFIGwQZDc	Sammy & Falsetto	234424	68.0	['perreo', 'reggaeton', 'reggaeton flow', 'trap latino']	https://i.scdn.co/image/4cd90c5d3de7d6fe736bc420bf217092a39741eb
0HU0U9kdXEHZVxUNbuQe8S	Donny Hathaway	399058		['chicago soul', 'classic soul', 'funk', 'motown', 'neo soul', 'quiet storm', 'soul', 'southern soul']	https://i.scdn.co/image/2c9a122b0f6a1c6f083b1725f309d3a25636f4ae
4lDiJcOJ2GLCK6p9q5BgfK	Kontra K	1742383	77.0	['christlicher rap', 'german hip hop']	https://i.scdn.co/image/f6912a44d7e638c257c71289d13d31b9cab26098
04gDigrS5kc9YWfZHwBETP	Maroon 5	29888961	91.0	['pop', 'pop rock']	https://i.scdn.co/image/305c7c493ca5c108ade08dea6a169694db911644
3PyJHH2wyfQK3WZrk9rpmP	Ashnikko	800064	81.0	['alt z', 'electropop', 'escape room', 'pop']	https://i.scdn.co/image/66c3b3eab51638a09b161769428f043e92d9ecca
0XwVARXT135rw8lyw1EeWP	Christian Nodal	6348213	87.0	['mariachi', 'nuevo regional mexicano', 'ranchera', 'regional mexican']	https://i.scdn.co/image/57aa0915cb57a05b1b41cbae3c4c33bb7dbf9f70
2wzMOQwNT6ZvVB4amvhFAH	The Pogues	363894	65.0	['celtic', 'celtic punk', 'celtic rock', 'folk punk', 'irish folk', 'punk']	https://i.scdn.co/image/066e909db6281a424881f7eb1fd11248050ed390
606eWexxNhc6Mj0RuCxMA9	Mila	18308	64.0	['brega funk']	https://i.scdn.co/image/25421ead9ebcc29e7d576b78007eb07539be6a59
0Y5tJX1MQlPlqiwlOH1tJY	Travis Scott	15696500	95.0	['rap', 'slap house']	https://i.scdn.co/image/ef784cfa3f4f87d656d3dfa5eedf0a24610faba9
246dkjvS1zLTtiykXe5h60	Post Malone	31726853	94.0	['dfw rap', 'melodic rap', 'rap']	https://i.scdn.co/image/93fec27f9aac86526b9010e882037afbda4e3d5f
69GGBxA162lTqCwzJG5jLp	The Chainsmokers	17602026	86.0	['dance pop', 'edm', 'electropop', 'pop', 'pop dance', 'tropical house']	https://i.scdn.co/image/960547a625bc2eb742bb3dd170cbc049d2e94cf9
0huGjMyP507tBCARyzSkrv	Cordae	1394411	73.0	['dmv rap', 'hip hop', 'pop rap', 'rap', 'trap', 'underground hip hop', 'vapor trap']	https://i.scdn.co/image/2f72742b063ba63d08f6d0856ef70142ff85a24f
3fZk3Gm5dN5v5yfYMQ04Bx	Dímelo Flow	216848	79.0	['latin', 'reggaeton', 'reggaeton flow', 'trap latino', 'tropical']	https://i.scdn.co/image/4a6f35403f9d8fb7cbf5d6ca59f3c404aba74532
4sj6D0zlMOl25nprDJBiU9	Andy Williams	343911	65.0	['adult standards', 'brill building pop', 'easy listening', 'lounge']	https://i.scdn.co/image/cd88f73a20d4760a44e0e4f2378eefa9b1a0910e
1TtXnWcUs0FCkaZDPGYHdf	Darell	1861601	84.0	['latin', 'latin hip hop', 'reggaeton', 'reggaeton flow', 'trap latino']	https://i.scdn.co/image/748b2f4a1a8592b2cc9ad8f15cb158e6c2b4acd0
35l9BRT7MXmM8bv2WDQiyB	beabadoobee	685667	79.0	['bedroom pop', 'bubblegrunge', 'indie pop']	https://i.scdn.co/image/4d1c55713157464852fe3495a3e845ab68b79c87
7K78lVZ8XzkjfRSI7570FF	José Feliciano	222726	68.0	['latin pop', 'puerto rican pop']	https://i.scdn.co/image/8b180c877595972c5e22cb41c480d5ca7df79760
5NGO30tJxFlKixkPSgXcFE	The Police	4066756	80.0	['album rock', 'art rock', 'classic rock', 'dance rock', 'mellow gold', 'new wave', 'permanent wave', 'rock', 'soft rock']	https://i.scdn.co/image/1f73a61faca2942cd5ea29c2143184db8645f0b3
4O15NlyKLIASxsJ0PrXPfz	Lil Uzi Vert	11025948	92.0	['melodic rap', 'philly rap', 'rap', 'trap']	https://i.scdn.co/image/271c672ac7a84a95f3c557177a29b8936923d152
5BcAKTbp20cv7tC5VqPFoC	Macklemore & Ryan Lewis	2558497	79.0	['dance pop', 'pop', 'pop dance', 'pop rap', 'seattle hip hop']	https://i.scdn.co/image/aa77c545af000003e22621637813e2e7c65c4203
3QSQFmccmX81fWCUSPTS7y	Dean Lewis	1533639	80.0	['alt z', 'australian pop', 'indie cafe pop', 'pop']	https://i.scdn.co/image/57d22c2221a3f9f1067e2730eaf8bc7b4571d825
45gHcnDnMC15sgx3VL7ROG	42 Dugg	240144	75.0	['detroit trap', 'rap', 'southern hip hop', 'trap']	https://i.scdn.co/image/18954dd261a0a26fc4046cdacd2948dce0bd0a94
2hlmm7s2ICUX0LVIhVFlZQ	Gunna	2988772	91.0	['atl hip hop', 'hip hop', 'melodic rap', 'rap', 'trap']	https://i.scdn.co/image/2e43d7406fecc63f262960942dc587a0fc82b7de
7FXX45sHqoQoCwqtG0ZV8H	Solda	1214	65.0		https://i.scdn.co/image/ab67616d0000b273cb7415845e7dc150f63dd56b
1GAymyGBvB4gQy5Z5LZ1Wj	Lalo Ebratt	1146234	75.0	['colombian hip hop', 'latin', 'latin pop', 'reggaeton', 'reggaeton colombiano', 'reggaeton flow', 'trap latino', 'tropical']	https://i.scdn.co/image/5e651eca4aa478d439d07e6a9ca635ab2ce3e8f9
0MHgLfmQdutffmvWe5XBTN	Burl Ives	54721	54.0	['adult standards', 'american folk revival', 'lounge']	https://i.scdn.co/image/89c1ee2f7e000530b5b88aecc003f72acec863d0
7xtnpHS34mLlxGZDVUBHSU	La Húngara	229089	73.0	['pop flamenco', 'rumba', 'spanish pop', 'spanish pop rock']	https://i.scdn.co/image/ab67616d0000b2736535637d44308d9b7db932ba
2u33e5jDELbQShERkYzBR6	Alico	1793	73.0		https://i.scdn.co/image/ab67616d0000b27309d74f5eae1c28f44661d7a6
6i3DxIlAqnDkwELLw4aVrx	Lele Pons	681606		['latin pop', 'viral pop']	https://i.scdn.co/image/6701d4a6e61289b0c07bd489a22f3ef4d3f6df02
6USMTwO0MNDnKte5a5h0xx	Y2K	262232	72.0	['pop rap']	https://i.scdn.co/image/10df130e3c229399bcecc55ce0eda289b60e0047
11YLRSsZA3YVuQQtHXKTlz	Rafa Pabön	116515	77.0	['reggaeton', 'reggaeton flow', 'trap latino']	https://i.scdn.co/image/e371344bd4b9ce2586410491f92b18db521e6643
6YqhcZlSE8ugUcmoHLw9gz	Vula	1094			https://i.scdn.co/image/d4c7421601589d83712f8aac8bc330555587c989
7A8S43ryYdbWpJKeHRZRcq	JACKBOYS	398002	76.0	['rap', 'trap']	https://i.scdn.co/image/6ff70bad6cce3e82af9d6ad0c18734cbb53ede85
6UCQYrcJ6wab6gnQ89OJFh	Headie One	282118	77.0	['uk hip hop']	https://i.scdn.co/image/1d8323fd87bca625af3aa447e8bfd4de2e6bbbe5
03IJEZ6IynYczgge2uC4YD	Mark Linett	69	47.0		
4Xi6LSfFqv26XgP9NKN26U	AJ Tracey	826399	78.0	['grime', 'uk hip hop', 'ukg revival']	https://i.scdn.co/image/a6866af56171ec5a8ab9e8587495621b51bd5a47
1nGRqM8VNcQOcFsOnhpInD	ATR Son Son	545	61.0		
3wVXTWabe3viT0jF7DfjOL	Vedo	224990	73.0	['pop r&b', 'r&b']	https://i.scdn.co/image/6d77c4ae5614b3fd5dbe420d9d31df1867d50143
1tqhsYv8yBBdwANFNzHtcr	Lil Dicky	1782432	71.0	['comedy rap', 'pop rap', 'rap']	https://i.scdn.co/image/33c1ec97b187cedcea9bec3ea55c707fab2a29ef
7gZfnEnfiaHzxARJ2LeXrf	6ix9ine	6369503	81.0	['emo rap']	https://i.scdn.co/image/ddd1eba0b544ae7d305bcddbc9eb79357434092a
2s4tjL6W3qrblOe0raIzwJ	Yoko Ono	84221	58.0	['experimental', 'experimental pop']	https://i.scdn.co/image/750046bec11c89a044596527c3493fe661ff9676
7gXb99Sf9nNmpNYeAgIQFG	Sub Urban	716985		['modern indie pop']	https://i.scdn.co/image/c811653915453c6207703183372952242ed76a4a
1zNqQNIdeOUZHb8zbZRFMX	Swae Lee	1119165	85.0	['melodic rap', 'pop rap', 'trap']	https://i.scdn.co/image/faee4f49e912cfac5d3d8db1aa950182881d71b4
1bqxdqvUtPWZri43cKHac8	MAX	648331	78.0	['dance pop', 'electropop', 'pop', 'post-teen pop', 'viral pop']	https://i.scdn.co/image/d8f40dc9ff75e672088bfc8d80e789e4e36db7de
4qWnlmXWuGv2TtuxtIWlJX	BANNERS	374404	75.0	['indie poptimism', 'modern rock', 'pop', 'pop rock']	https://i.scdn.co/image/de528407585cd08114563c8aa895d70cc96d1b0b
5y2Xq6xcjJb2jVM54GHK3t	John Legend	5556977	84.0	['neo soul', 'pop', 'pop soul', 'r&b', 'urban contemporary']	https://i.scdn.co/image/390a8ab0ae4f2d4cc5172e789d40a438b312a229
4VMYDCV2IEDYJArk749S6m	Daddy Yankee	22512553	92.0	['latin', 'latin hip hop', 'reggaeton', 'trap latino', 'tropical']	https://i.scdn.co/image/4171df91c80317ac5198cd0007921534f7ece6b3
4TqlcgMFDryY96KWcvrhTv	Seraphine	67291	67.0		https://i.scdn.co/image/943cec067cae9e83650fb113faa1c907c1c70c9f
21451j1KhjAiaYKflxBjr1	Zion & Lennox	5179147	82.0	['latin', 'latin hip hop', 'reggaeton', 'reggaeton flow', 'trap latino', 'tropical']	https://i.scdn.co/image/f3f3176ba3293a455ea995210e5c788c4c19dfbe
2LRoIwlKmHjgvigdNGBHNo	Feid	478298	82.0	['colombian pop', 'latin', 'pop reggaeton', 'reggaeton', 'reggaeton colombiano', 'reggaeton flow', 'trap latino']	https://i.scdn.co/image/3e1d986652ae2bbb301b4e707b7222964e48be4c
4xRYI6VqpkE3UwrDrAZL8L	Logic	5259938	84.0	['conscious hip hop', 'dmv rap', 'hip hop', 'pop rap', 'rap']	https://i.scdn.co/image/efa0b73c2cdaf40b1767b4b1e1254b1cfc5b51db
65AzRSW0jKSs0WtttEXrOw	ELIF	111837	68.0	['frauenrap', 'german pop', 'german singer-songwriter']	https://i.scdn.co/image/c6936d9d28a85f614537b4702b9b70eb3232ef13
329e4yvIujISKGKz1BZZbO	Farruko	9594190	92.0	['latin', 'latin hip hop', 'reggaeton', 'trap latino', 'tropical']	https://i.scdn.co/image/ec12255f2ff0225a309847d6bd75c0b5b566551d
6oMuImdp5ZcFhWP0ESe6mG	Migos	11276697		['atl hip hop', 'hip hop', 'pop rap', 'rap', 'southern hip hop', 'trap']	https://i.scdn.co/image/ba2d3bfa4c427f1a12ec667f4138bb5d3ecd661c
0u6GtibW46tFX7koQ6uNJZ	Topic	130944	84.0	['dance pop', 'edm', 'german dance', 'pop dance', 'pop edm', 'tropical house']	https://i.scdn.co/image/2637899dbbcbc6f75a882ff238f5d442fa7718c3
4kYSro6naA4h99UJvo89HB	Cardi B	15199741	91.0	['dance pop', 'pop', 'pop rap', 'rap']	https://i.scdn.co/image/e9c7d7e446f19d445898eb362417542b134863af
3YwqjMyrRfuixi2pbgTGCE	Heuss L'enfoiré	995492	74.0	['francoton', 'french hip hop', 'pop urbaine', 'rap francais']	https://i.scdn.co/image/78a88718f1c2a683dc6103005686cab1c2309aa9
5CiGnKThu5ctn9pBxv7DGa	benny blanco	742478	84.0	['edm', 'electropop', 'pop', 'pop dance', 'pop rap']	https://i.scdn.co/image/1fa8be4f657f3db7137d02666276c84de40759fa
0Q8NcsJwoCbZOHHW63su5S	Mora	99453	79.0	['reggaeton', 'reggaeton flow', 'trap latino']	https://i.scdn.co/image/3c3d99fb64830360a3dfe16f53be9e7977f3a4a1
5ZYOlPpI9FZu2uIPkTB0UA	CÉLINE	127289	68.0	['frauenrap', 'german pop']	https://i.scdn.co/image/bb28503fb88c65725d87533d628159031e9a1917
60d24wfXkVzDSfLS6hyCjZ	Martin Garrix	14478231	84.0	['dance pop', 'dutch edm', 'edm', 'electro house', 'pop', 'pop dance', 'progressive house', 'tropical house']	https://i.scdn.co/image/19b193e731a99776449d2b06742942e1e1f58fb2
1cNDP5yjU5vjeR8qMf4grg	YNW Melly	5690280	83.0	['melodic rap', 'trap']	https://i.scdn.co/image/5863599749b7c644d118b3edc3318e408ebbb65d
3ZotbHeyVQKxQCPDJuQ4SU	Q-Tip	449680	67.0	['alternative hip hop', 'east coast hip hop', 'hardcore hip hop', 'hip hop', 'neo soul', 'queens hip hop']	https://i.scdn.co/image/de7804e485499fb93165fb84bb6d655232c561e2
45TgXXqMDdF8BkjA83OM7z	Rod Wave	1733701	80.0	['florida rap']	https://i.scdn.co/image/39b5ecc3e82bdd1225577bc87c2904cbc11a1a45
5KKpBU5eC2tJDzf0wmlRp2	RAYE	368974	80.0	['dance pop', 'pop', 'pop dance', 'post-teen pop', 'tropical house', 'uk contemporary r&b', 'uk pop']	https://i.scdn.co/image/759dd0b42d44868da509e198dd19dddc74b85926
0fA0VVWsXO9YnASrzqfmYu	Kid Cudi	4674764	88.0	['hip hop', 'ohio hip hop', 'rap']	https://i.scdn.co/image/4cb57ae1ef87546455db9cf65ba414c311ff459a
3IW7ScrzXmPvZhB27hmfgy	Jul	3635471	83.0	['francoton', 'rap marseille']	https://i.scdn.co/image/dce5bc40ede7f6106df2f0d928cb5ddca0bc4da5
1vyhD5VmyZ7KMfW5gqLgo5	J Balvin	26824973	96.0	['latin', 'reggaeton', 'reggaeton colombiano', 'trap latino']	https://i.scdn.co/image/71babc8cd2cb7edf2230ce8dab325e54096f6d3c
6sHCvZe1PHrOAuYlwTLNH4	Gus Dapperton	379690	73.0	['bedroom pop', 'indie pop', 'indie poptimism']	https://i.scdn.co/image/72f62d76b69c06cb192193ccfab07dfe7a2d565e
3uZFBSsMiooimnprFL9jD1	Snow	43448	70.0	['canadian old school hip hop', 'reggae fusion']	https://i.scdn.co/image/9d0dec8e40b3e19bb48690caf3d8f9deec7b9ef4
0rvjqX7ttXeg3mTy8Xscbt	Journey	3454634	78.0	['album rock', 'classic rock', 'hard rock', 'mellow gold', 'rock', 'soft rock']	https://i.scdn.co/image/1909b653e3ff13e01bd7181a98e7f2e0129e2d00
5ZS223C6JyBfXasXxrRqOk	Jhené Aiko	4322515	84.0	['alternative r&b', 'dance pop', 'pop', 'r&b', 'urban contemporary']	https://i.scdn.co/image/89bc8c20f5050a33e5a0e9c3159549090177ae3a
4lPl9gqgox3JDiaJ1yklKh	Tierra Whack	332010	67.0	['alternative r&b', 'escape room', 'indie soul']	https://i.scdn.co/image/2202f79a4f6e642a241ea721bb2e69cf21d840f0
6W5uA6CNMf3hd2j4a2XWCx	Naps	1086695	74.0	['francoton', 'french hip hop', 'pop urbaine', 'rap francais', 'rap marseille']	https://i.scdn.co/image/8b43de2c03e520fee3817cadfe60c03dc58a048a
6nS5roXSAGhTGr34W6n7Et	Disclosure	1897046	80.0	['house', 'pop', 'uk dance']	https://i.scdn.co/image/cde64861a67aa8de5e33c5290d30cf40b4caa36e
0GM7qgcRCORpGnfcN2tCiB	Tainy	334743	83.0	['latin', 'latin hip hop', 'latin pop', 'pop reggaeton', 'reggaeton', 'reggaeton flow', 'trap latino', 'tropical']	https://i.scdn.co/image/aa1c21e5e9e14c0a04978aa5b8edc02d2a72fe10
3oSJ7TBVCWMDMiYjXNiCKE	Kane Brown	3215951	81.0	['contemporary country', 'country road']	https://i.scdn.co/image/c1c4dca1973a866b372b642f10486ca952b7e211
3Nrfpe0tUJi4K4DXYWgMUX	BTS	30458584	97.0	['k-pop', 'k-pop boy group']	https://i.scdn.co/image/8ef1003d0cab2411ebc066ae9e50c01dceaf4e6c
31W5EY0aAly4Qieq6OFu6I	A Boogie Wit da Hoodie	5565829	88.0	['melodic rap', 'pop rap', 'rap', 'trap']	https://i.scdn.co/image/c5624d93f38067845f2454189b0248cc0b4e69cf
3CJKkU0XuElRT1z8rEtIYg	Luciano	849001	80.0	['german drill', 'german hip hop']	https://i.scdn.co/image/bd28509bc1c01783a67a718271fd60f71a3b86c5
6bmlMHgSheBauioMgKv2tn	Powfu	823752	81.0	['emo rap', 'sad rap']	https://i.scdn.co/image/e4eb5a575769a6e6bdb117320716906d5524ce53
4qIVPF0s71ZYW3qzhu5GkF	Kina	609404	79.0	['sad rap']	https://i.scdn.co/image/b94b31a2fa825319d0f9ef1812b6ec2163add35e
6qqNVTkY8uBg9cP3Jd7DAH	Billie Eilish	40754854	94.0	['electropop', 'pop']	https://i.scdn.co/image/3c002f88611ecde6eeae0802de018b5f1b0390b5
6l3HvQ5sa6mXTsMTB19rO5	J. Cole	12865283	89.0	['conscious hip hop', 'hip hop', 'north carolina hip hop', 'rap']	https://i.scdn.co/image/c58beb81196bbdda378b6746c51a10aace2f63a6
7vPGzgDg3qGUY5bWtrO3K4	Conkarah	64191	64.0	['jawaiian']	https://i.scdn.co/image/c6cc339fa4d5e4d5f2089fcd7fb351b9e7fce0fe
2kqUKsTuEj1lPbm6BSn1AU	Rich Music LTD	189860		['latin', 'reggaeton', 'trap latino']	https://i.scdn.co/image/7eff816abb6777c0d9efdd9b9aba473407bb28f5
5KYEMMz9O9iLIESifKAEOp	WhoHeem	23355	63.0	['viral rap']	https://i.scdn.co/image/7deb4fb025ec646a278663f88c2506f73ae12a16
2ydZrTy8U3kOMOzx20s3dg	DJ Nelson	679538	82.0	['latin', 'latin hip hop', 'reggaeton', 'reggaeton flow', 'trap latino', 'tropical']	https://i.scdn.co/image/e389fbf9eea55a4980e7c29e73100352d6a48b13
5cj0lLjcoR7YOSnhnX0Po5	Doja Cat	5778415	92.0	['dance pop', 'pop']	https://i.scdn.co/image/c0492ddbdf41c4595ee1334d3f896ea786005fe9
6Ff53KvcvAj5U7Z1vojB5o	*NSYNC	1457433	73.0	['boy band', 'dance pop', 'europop', 'pop']	https://i.scdn.co/image/c56cf0cc89c8ecfec7145cf065ea2006d0706605
0KuF7reCTOZwV7YJnHQqgr	The Neptunes	49716	70.0		https://i.scdn.co/image/828e52ae40cd3661d7b2184ae6a3cbc7dc80b58b
0Cp8WN4V8Tu4QJQwCN5Md4	BENEE	596288	76.0	['alt z', 'nz pop', 'pop']	https://i.scdn.co/image/cf1265cb1c2c35d253cbbac9b1489bc181322ed3
3aAX2y0amckZ7WcWoz2f2o	Jhorrmountain	4759	65.0	['dutch hip hop']	https://i.scdn.co/image/c70486188e67a5ff72d1b94e61b2ac17875178ec
1o2NpYGqHiCq7FoiYdyd1x	Bea Miller	2236731	78.0	['alt z', 'dance pop', 'electropop', 'indie cafe pop', 'indie poptimism', 'pop', 'pop rap', 'post-teen pop', 'talent show']	https://i.scdn.co/image/e6b0941c93fdc83313ec1882d963bb0303e8adc0
56mfhUDKa1vec6rSLZV5Eg	Jawsh 685	84066		['nz pop']	https://i.scdn.co/image/26941ae277403ff25d1038586c05e2881d90588d
0Y30TbA4p8SAfCzy2AFBa8	Yaviah	90102	65.0	['latin', 'latin hip hop', 'reggaeton', 'tropical']	https://i.scdn.co/image/7218aa37091f1396ff38984443d8d82c9a01b769
1GKIlPFdcewHtpDVCQ8zmJ	Brray	81668	77.0	['reggaeton flow', 'trap latino']	https://i.scdn.co/image/b0bdd239dadd89ea5e9c9122df65c2e185b1756b
4m6ubhNsdwF4psNf3R8kwR	KHEA	2759201	82.0	['argentine hip hop', 'reggaeton', 'trap argentino', 'trap latino', 'trap triste']	https://i.scdn.co/image/53de7c3eeb9d13a8d340afa82cf31e24470b11f6
5KNNVgR6LBIABRIomyCwKJ	Dermot Kennedy	879065	84.0	['folk-pop', 'irish pop', 'pop']	https://i.scdn.co/image/423aa582674f96b1def19600963940f43cb6ef1f
3Wb38LDP3N4tkobValgE9D	Juanka	413290	77.0	['reggaeton', 'reggaeton flow', 'trap latino']	https://i.scdn.co/image/47f9aa0ffc87d747d6d3ec2b8bd56fbc83f4c4ad
6MPCFvOQv5cIGfw3jODMF0	Internet Money	246251	84.0	['pop rap', 'rap', 'trap']	https://i.scdn.co/image/46ebec0de8627170636e59876af3ac4a72f94216
6fFfnKGVI6X3lkCr8Qw1g1	KXNG Crooked	70059	61.0	['cali rap']	https://i.scdn.co/image/8f786d688c739cdf4319350e2cc9caed15cdf535
6L1XC7NrmgWRlwAeLJvVtA	Sam Fischer	93746	78.0	['australian pop', 'pop', 'uk pop']	https://i.scdn.co/image/ee1170bb4c572e55a42e43c0844ffcb8ccd000e6
4cPHsZM98sKzmV26wlwD2W	Brenda Lee	204954	62.0	['adult standards', 'brill building pop', 'easy listening', 'lounge', 'rockabilly', 'vocal jazz']	https://i.scdn.co/image/2873f90f994289db10fcbbab0c5a789ab6670a0f
7iXYHQPYLQSz3b3hbPJpk3	Towy	15117	68.0	['reggaeton flow']	https://i.scdn.co/image/c4bc259d0d400f269c7d496dff6450bc9352b6d8
6DgP9otnZw5z6daOntINxp	Joel Corry	169107	83.0	['dance pop', 'house', 'pop dance', 'tropical house', 'uk dance']	https://i.scdn.co/image/e7218fe1669d2f267f487b0632ffed06d27d6a4c
5Wg2b4Mp42gicxEeDNawf7	A7S	16443		['scandipop']	https://i.scdn.co/image/f3ab7b7da390e9ff37a960141491a21bbcfaafcc
3abT87tqQ4Q5PA5nw6CYyH	Ángela Aguilar	293843	74.0	['mariachi', 'nuevo regional mexicano', 'ranchera', 'regional mexican']	https://i.scdn.co/image/ba7dd3000f1b1584adf8595e7f4f6f5c398a37d8
540vIaP2JwjQb9dm3aArA4	DJ Snake	7281474	84.0	['dance pop', 'edm', 'electronic trap', 'pop', 'pop dance']	https://i.scdn.co/image/3b232935a2d2dc1fcc3bfd8db2d6be58292b2317
13bDjug9N0pyv3ZUINjkDV	Bausa	936765	78.0	['german hip hop', 'german pop']	https://i.scdn.co/image/02c2602c6aafd71f18f6d2f2ad61ddb85ed88fc8
0ebNdVaOfp6N0oZ1guIxM8	SUGA	414944	72.0	['k-pop']	https://i.scdn.co/image/39f3c85552face70611226297346994766b7edbc
4iHNK0tOyZPYnBU7nGAgpQ	Mariah Carey	6441201	82.0	['dance pop', 'pop', 'r&b', 'urban contemporary']	https://i.scdn.co/image/176b305e0b9bad02d9159066530b13566884b0a3
1z4g3DjTBBZKhvAroFlhOM	Red Velvet	5008814		['k-pop', 'k-pop girl group']	https://i.scdn.co/image/76f0a6ebc5f5595d21756e66429aa16225e09204
6XyY86QOPPrYVGvF9ch6wz	Linkin Park	18329519	88.0	['alternative metal', 'nu metal', 'post-grunge', 'rap metal']	https://i.scdn.co/image/1685533969d5b68cbc630f991e873bd6467f1814
4TAoP0f9OuWZUesao43xUW	Mr Eazi	334076	73.0	['afro dancehall', 'afropop', 'ghanaian hip hop', 'nigerian pop', 'swedish dancehall']	https://i.scdn.co/image/89e0c35ade278e45d3ac241b568783646ce85a20
0Kwf0zcciIFGLCKiqNcO6Q	SRNO	14175	66.0	['dutch hip hop', 'dutch rap pop']	https://i.scdn.co/image/19e441e781587dd8b672ea16f2e761d407aff649
3TVXtAsR1Inumwj472S9r4	Drake	53685479	100.0	['canadian hip hop', 'canadian pop', 'hip hop', 'pop rap', 'rap', 'toronto rap']	https://i.scdn.co/image/60cfab40c6bb160a1906be45276829d430058005
4ofCBoyEiGSePFAG500xev	Regard	122391	79.0	['edm', 'pop dance', 'pop edm', 'slap house', 'tropical house']	https://i.scdn.co/image/93a92969f23c8c151651547ae556b4e5f8698892
2UyyBkpzN5w3hzZBZGvRZb	Sosa Geek	2786	55.0	['brooklyn drill']	https://i.scdn.co/image/ab67616d0000b2737d1f7715abb7844156d591f8
2R21vXR83lH98kGeO99Y66	Anuel AA	16742769	93.0	['latin', 'reggaeton', 'reggaeton flow', 'trap boricua', 'trap latino']	https://i.scdn.co/image/dff586d5432fac247af626065aafa0ddccd1bec7
2wY79sveU1sp5g7SokKOiI	Sam Smith	15840864	89.0	['dance pop', 'pop', 'post-teen pop', 'uk pop']	https://i.scdn.co/image/ec0ac1a0f41100f8188a3f17e5b351780b4d173b
0c173mlxpT3dSFRgMO8XPh	Big Sean	8254694	86.0	['detroit hip hop', 'hip hop', 'pop rap', 'rap', 'southern hip hop', 'trap']	https://i.scdn.co/image/c34667b11ae7fe716a8bcbf14ecc4683da255542
2NjfBq1NflQcKSeiDooVjY	Tones And I	2664450	83.0	['australian pop', 'pop']	https://i.scdn.co/image/2ad7a2e0628669397397e044ecb950378f3db242
2o08sCWF5yyo2G4DCiT7T9	HVME	26860	82.0	['slap house']	https://i.scdn.co/image/945eb70634fb0079010a96ca84d69f65a2f2d57d
4tZwfgrHOc3mvqYlEYSvVi	Daft Punk	7495652	89.0	['electro', 'filter house']	https://i.scdn.co/image/b8aaf4b179bb0a52f29a810fdb0f9d5c16ec2c75
41MozSoPIsD1dJM0CLPjZF	BLACKPINK	20183025	89.0	['k-pop', 'k-pop girl group']	https://i.scdn.co/image/8655f0fdf5f2d897af934be45f5a40fc7afa29cd
7aBzpmFXB4WWpPl2F7RjBe	Wyclef Jean	238386	76.0	['rap kreyol']	https://i.scdn.co/image/ab6772690000c46cbaea4559d2a5cc75f047510b
1pQWsZQehhS4wavwh7Fnxd	Lenny Tavárez	1150522	88.0	['latin', 'reggaeton', 'reggaeton flow', 'trap argentino', 'trap latino']	https://i.scdn.co/image/31a2aa31d16064b290d87cef656a82f2b84e1dc0
0eHQ9o50hj6ZDNBt6Ys1sD	Yandel	4898621	83.0	['latin', 'latin hip hop', 'reggaeton', 'reggaeton flow', 'trap latino', 'tropical']	https://i.scdn.co/image/64f4f3e6161f2baace2e99973568029474367325
1MXZ0hsGic96dWRDKwAwdr	Tyla Yaweh	307087	75.0	['cali rap', 'melodic rap', 'pop rap', 'rap', 'trap']	https://i.scdn.co/image/8041009adf02d486462cb65e88df6b1f191466ec
4IWBUUAFIplrNtaOHcJPRM	James Arthur	7719718	87.0	['pop', 'talent show', 'uk pop']	https://i.scdn.co/image/9aa3110620414e06e58f3aacbb479475f8e10865
6DJEUXZm0e2rAohdoZ5Voo	Black Thought	135438	62.0	['alternative hip hop', 'boom bap', 'east coast hip hop', 'hardcore hip hop', 'hip hop', 'southern hip hop']	https://i.scdn.co/image/4b2c9c43521efb5f2aaee26cd885d518924cf211
2lolQgalUvZDfp5vvVtTYV	Tony Bennett	618496		['adult standards', 'easy listening', 'lounge', 'vocal jazz']	https://i.scdn.co/image/cdc8a7ef4d569d7519c12758067715f5833bd4c9
1aS5tqEs9ci5P9KD9tZWa6	Bonez MC	1584674	82.0	['german hip hop', 'hamburg hip hop']	https://i.scdn.co/image/2d9f7247f7609b6ba5ff6adbe1710b20c082ed03
2LmcxBak1alK1bf7d1beTr	Juhn	676191	84.0	['reggaeton', 'reggaeton flow', 'trap latino']	https://i.scdn.co/image/c8c251f2fa6ce938df335ec363c3fc236469fd39
5wbf52LA6kcaboHSN6NEF1	PEDRO SAMPAIO	947650	73.0	['funk carioca']	https://i.scdn.co/image/738cbabdccaa25fd2ff3017a3812cb2f33c80772
6lBN3Tzt61u8i9AJoAhKzF	Mykola Dmytrovych Leontovych	2335	48.0	['post-romantic era', 'ukrainian classical']	https://i.scdn.co/image/ab67616d0000b273cd704081f03f7d9cc08d05c3
5LHRHt1k9lMyONurDHEdrp	Tyga	6162635	87.0	['dance pop', 'hip hop', 'pop rap', 'rap', 'southern hip hop', 'trap']	https://i.scdn.co/image/3842af326294420283f03b9fbca920d4c193e17b
0qSX3s5pJnAlSsgsCne8Cz	Brett Eldredge	1255518		['adult standards', 'contemporary country', 'country', 'country road', 'modern country rock']	https://i.scdn.co/image/d102813048d0a555a8e32950392582b9bb8b61ca
0tRFWXqKBBQcu5oFVOgVzX	Jaira Burns	250235	70.0	['alt z', 'electropop', 'indie poptimism', 'pop', 'post-teen pop']	https://i.scdn.co/image/594fb2668344a0b193a5f068969145287b47b271
1i8SpTcr7yvPOmcqrbnVXY	Ozuna	27330148	95.0	['latin', 'puerto rican pop', 'reggaeton', 'trap latino']	https://i.scdn.co/image/dff586d5432fac247af626065aafa0ddccd1bec7
6P5NO5hzJbuOqSdyPB7SJM	Ashe	462063	76.0	['alt z', 'electropop', 'indie pop', 'pop']	https://i.scdn.co/image/47a7025222568c93cce69a67fbc21c0ba43fe4ff
6XpaIBNiVzIetEPCWDvAFP	Whitney Houston	6402859	82.0	['dance pop', 'pop', 'urban contemporary']	https://i.scdn.co/image/9cd1d09d5a351ca65c2f45246703614748ea9fed
2yPprAQlrIQWu60g09B9MZ	Swarmz	140214		['uk hip hop']	https://i.scdn.co/image/a76433875b7038132627423632a63dc599424c52
37230BxxYs9ksS7OkZw3IU	Chencho Corleone	118120	83.0	['reggaeton flow', 'trap latino']	https://i.scdn.co/image/53446fccff3ef2f08b4810c0a7127dd64f886d26
14CHVeJGrR5xgUGQFV5BVM	Fivio Foreign	374558	74.0	['brooklyn drill', 'new york drill', 'rap', 'trap']	https://i.scdn.co/image/5a8c0ac5c1d113b7ee075d173dfcf71b3d53fe3c
2UwqpfQtNuhBwviIC0f2ie	Damso	2798325	78.0	['belgian hip hop', 'french hip hop', 'pop urbaine', 'rap conscient']	https://i.scdn.co/image/f5bdd6f2a2f70b8b10473adb9d587c743fde1565
5xSx2FM8mQnrfgM1QsHniB	Danna Paola	2443654		['latin', 'latin pop', 'latin viral pop', 'mexican pop', 'pop']	https://i.scdn.co/image/70c26def13b921d7ffe6594ebdaf95d84e566851
64M6ah0SkkRsnPGtGiRAbb	Bebe Rexha	6208719	85.0	['alt z', 'dance pop', 'electropop', 'pop', 'pop dance', 'post-teen pop']	https://i.scdn.co/image/6fe9fa10f8134d9a07f738b66829ba43e2da5c21
5RmQ8k4l3HZ8JoPb4mNsML	Agust D	4241597	74.0	['k-rap']	https://i.scdn.co/image/820416216c8fb6c3dd265ab9908f46e63ee00158
6h1s4i4XKIYv4ErDelLDN0	Samra	980128	79.0	['german hip hop']	https://i.scdn.co/image/ed86c9cb4588f48ebd481ed2c883323dd2a6729a
1B5n6jsxvFldc6Nq8Wx8VJ	OIK	6234	64.0		https://i.scdn.co/image/1030df2e1ce3c8dff4a1d61f1a17dd1686f6f0f9
5gs4Sm2WQUkcGeikMcVHbh	Hamza	466325	76.0	['belgian hip hop', 'french hip hop', 'pop urbaine', 'rap francais']	https://i.scdn.co/image/a94f84ff45f6b5e39a84b9f201fad661f57f9087
4LEiUm1SRbFMgfqnQTwUbQ	Bon Iver	2936023	81.0	['eau claire indie', 'indie folk', 'melancholia']	https://i.scdn.co/image/d5ea2b221938b03e2096ef2c2caf2a0558014c1e
2tcoLkA9Hexz70Kuc1NTUl	Gradur	1313006	64.0	['francoton', 'french hip hop', 'pop urbaine', 'rap francais']	https://i.scdn.co/image/fdae0096d2ad8428c5f489081973756c47747c23
4bODqflR0Wo3i3fCwwCIPq	Lenny Santos	696			https://i.scdn.co/image/ab67616d0000b2734fd811d07f4978fa6bf99ed4
35GL8Cu2GKTcHzKGi75xl5	Jennifer Hudson	1264173	64.0	['dance pop', 'hip pop', 'hollywood', 'neo soul', 'pop', 'r&b', 'urban contemporary']	https://i.scdn.co/image/b1a850a1f02e3d08c7c41d010b878f1abefeb006
0yApzRdrUqTGqX9MULdnmV	Thiaguinho MT	26113		['brega funk', 'funk carioca']	https://i.scdn.co/image/3a2cbc0c4682727cd1668e94d0f5e26d7a90da8e
5v8jlSmAQfrkTjAlpUfWtu	Perry Como	307582	63.0	['adult standards', 'brill building pop', 'easy listening', 'lounge']	https://i.scdn.co/image/67994599f4a13b71c23e0fdfc2ffbf9ab94bb513
6AgTAQt8XS6jRWi4sX7w49	Polo G	3382912		['chicago rap']	https://i.scdn.co/image/86dc350509ace5cc41b7658979a87c8be757e71d
1Ml4OuStDoympbREURAM15	The Fontane Sisters	9259	49.0	['deep adult standards', 'vocal harmony group']	https://i.scdn.co/image/ab67616d0000b2739aebf934a2375b6aba07c776
1bAftSH8umNcGZ0uyV7LMg	Duki	3871596	82.0	['argentine hip hop', 'trap argentino', 'trap latino', 'trap triste']	https://i.scdn.co/image/28d3596b511c420f922125c40c0604903290c221
3QJUFtGBGL05vo0kCJZsmT	salem ilese	111416	74.0	['alt z', 'modern indie pop']	https://i.scdn.co/image/9ced157846b7c1dd693fd69c8df415cf02ed505e
3WGpXCj9YhhfX11TToZcXP	Troye Sivan	5478905	80.0	['australian pop', 'dance pop', 'electropop', 'pop', 'pop dance', 'post-teen pop', 'viral pop']	https://i.scdn.co/image/457ae8b1846ae6f55ec5602ac97d62889646ee6d
5lwmRuXgjX8xIwlnauTZIP	Romeo Santos	12432274	86.0	['bachata', 'latin', 'tropical']	https://i.scdn.co/image/41c59c41d71f2bb74a5c2da96fd980052869bbde
790FomKkXshlbRYZFtlgla	KAROL G	15447497		['latin', 'reggaeton', 'reggaeton colombiano', 'trap latino']	https://i.scdn.co/image/f44509d81a9bee7f2f8e3673edf48019298d1040
0oeiA5U9u1U45Gos5cywUU	Soso Maness	225157	68.0	['french hip hop', 'pop urbaine', 'rap francais', 'rap marseille']	https://i.scdn.co/image/ab67616d0000b273f7df8ac7362a0ab57a3ae120
7avo0PmlW8O1YLEt9DnWQT	Studio Killers	166697	67.0		https://i.scdn.co/image/539f8323e639acfe66e91ecc67f29ba18ac510eb
60uPSVM3svOL8kZ3Wkb3Zw	Monet192	114971	69.0	['german hip hop', 'german pop']	https://i.scdn.co/image/ed7ff95fdfbd436b53af5aba65ee497d9861e719
56oDRnqbIiwx4mymNEv7dS	Lizzo	3694121	79.0	['dance pop', 'escape room', 'minnesota hip hop', 'pop', 'pop dance', 'pop rap', 'trap queen']	https://i.scdn.co/image/e33e4245fe5901ed940ba95070bb8d56679b6fe0
52qzWdNUp6ebjcNsvgZSiC	Evaluna Montaner	346802	76.0	['pop venezolano']	https://i.scdn.co/image/92fbd3c7a0c2542eab9d092f88425b6612a64441
2feDdbD5araYcm6JhFHHw7	Labrinth	1550953	83.0	['dance pop', 'indie poptimism', 'pop', 'post-teen pop']	https://i.scdn.co/image/d9a7e54f8df26abde79fd1be03f40d4e8569f590
1zNqDE7qDGCsyzJwohVaoX	Anne-Marie	7370757	84.0	['dance pop', 'pop', 'pop dance', 'post-teen pop', 'tropical house', 'uk pop']	https://i.scdn.co/image/ed7a489d829fe8757ec889e53bd99c380f3e276a
44IvvHRk2XF243QLA2VOa8	Stunna 4 Vegas	538137	71.0	['southern hip hop', 'trap', 'viral rap']	https://i.scdn.co/image/551bfa0348842ae18d5fae072e414551f5296979
34LetYSjEuG2fBb4Z8PwPg	Pashanim	168309	68.0	['german alternative rap', 'german drill', 'german hip hop', 'german trap']	https://i.scdn.co/image/79f22081cabeaa29733ac2b4223f2d2dee699a26
4bL2B6hmLlMWnUEZnorEtG	Felix Jaehn	1090216	82.0	['dance pop', 'edm', 'electro house', 'german dance', 'pop', 'pop dance', 'tropical house']	https://i.scdn.co/image/8f30c81dc9eef8c3a84fa321aecbe1374c81a248
0UcXjTpzt0DmIwPSNwlJfF	jetsonmade	9160	62.0		https://i.scdn.co/image/e583c147f84b1dad31eac48e7ea7310cb0a9373f
2kXKa3aAFngGz2P4GjG5w2	SCH	1038962	79.0	['french hip hop', 'pop urbaine', 'rap francais', 'rap marseille']	https://i.scdn.co/image/0f069946d0030445f23290aeb09b3df21e506c95
0BqURncJM5B1BBu7UM51eq	Guaynaa	602362	82.0	['latin', 'reggaeton', 'reggaeton flow', 'trap latino']	https://i.scdn.co/image/fde9a5760eecaf1a4ffb167f24c00f926a854b50
4rTv3Ejc7hKMtmoBOK1B4T	Ali Gatie	1624710	79.0	['canadian hip hop', 'pop']	https://i.scdn.co/image/7ed7fdd8df91057c874ef64ba0828499de3b1f71
6Rmg5JiRphFMlhkwGNl9Fu	Tom Gregory	47979	72.0	['tropical house', 'uk pop']	https://i.scdn.co/image/922bfa20be1f7b3b9fdba88241bc66e139eb256f
7MiDcPa6UiV3In7lIM71IN	Gusttavo Lima	11613618	85.0	['sertanejo', 'sertanejo universitario']	https://i.scdn.co/image/ec770b2912f08cb70a4644095ee48d93c68de222
36SRwzRkX5zW3ABjJrevqX	Dadá Boladão	196269	58.0	['brega funk', 'funk carioca']	https://i.scdn.co/image/a5866831d2fd4812ae9c1cdca60aca8dc7533008
5fMUXHkw8R8eOP2RNVYEZX	Diplo	2368748	87.0	['bmore', 'edm', 'moombahton', 'ninja', 'pop', 'pop dance', 'tropical house']	https://i.scdn.co/image/c748cac51be1fd85b597072ae39ccd6fce19d859
3tJoFztHeIJkJWMrx0td2f	Moneybagg Yo	1929675	80.0	['hip hop', 'rap', 'southern hip hop', 'tennessee hip hop', 'trap']	https://i.scdn.co/image/55feead9b42626413f331c9399eea2312ffb2522
0wi4yTYlGtEnbGo4ltZTib	Shakin' Stevens	93718	57.0	['classic uk pop', 'europop', 'new wave pop', 'rock-and-roll', 'rockabilly']	https://i.scdn.co/image/8222f2075ccccde04c857583df8fdf84ace8a626
7i9j813KFoSBMldGqlh2Z1	Riton	65566	79.0	['house', 'pop dance', 'tropical house', 'uk dance']	https://i.scdn.co/image/e1048ed5f0d547fa50b281a9d374ddc8dc9c693a
0ECwFtbIWEVNwjlrfc6xoL	Eagles	6233669	80.0	['album rock', 'classic rock', 'country rock', 'folk rock', 'heartland rock', 'mellow gold', 'rock', 'soft rock', 'yacht rock']	https://i.scdn.co/image/6b215464b769958ef1d7d9f163e3f49ebacf8842
6M2wZ9GZgrQXHCFfjv46we	Dua Lipa	23478007	95.0	['dance pop', 'pop', 'pop dance', 'uk pop']	https://i.scdn.co/image/552c454001ba87ea580c1f084482991502562996
6HqgxkTt9KGyt27zYrwVan	Super Yei	251108	74.0	['latin', 'reggaeton', 'reggaeton flow', 'trap latino']	https://i.scdn.co/image/2efe6b495efbc5701347763fcce5fbe52ef6b29f
4vxaQs6vK54nK89J1VtLex	PUBLIC	153319	70.0	['indie rockism']	https://i.scdn.co/image/1260f5a3496e92bb4a26c6dfae3ac2d08e325990
5EvFsr3kj42KNv97ZEnqij	Shaggy	1493503	77.0	['dance pop', 'pop rap', 'reggae fusion']	https://i.scdn.co/image/8e30d433472e00f7494ed57c7006674e510b7058
6LnJKrtFnTEGdbWQ2riWCL	Ezhel	3622063	76.0	['turkish hip hop', 'turkish trap']	https://i.scdn.co/image/81193c1043110223b58863d517c9052b731eb306
3ADyFy1orEwODaiHmRRMQp	Puri	19065	67.0	['basshall']	https://i.scdn.co/image/3681e9bf493feb1f9cd3d0dfe510bd180cb4f1b3
1elUiq4X7pxej6FRlrEzjM	Jorge & Mateus	14128011	84.0	['sertanejo', 'sertanejo universitario']	https://i.scdn.co/image/2e79b4608b7446a1bbde2cf4cbf7db8f028bb8c4
325L7kby6bkG5qSXXAFEWM	Joker Bra	189069	66.0	['german hip hop']	https://i.scdn.co/image/8e3b4b5b2e215929c7a9b02448c35e429faf60bd
3HqSLMAZ3g3d5poNaI7GOU	IU	3559966	77.0	['k-pop']	https://i.scdn.co/image/51ccdd82404ba316a096b3b97f88286aacb42c5d
5p7mWeX4RlvqBCxylfiXdE	KC Rebell	1081719	74.0	['german drill', 'german hip hop']	https://i.scdn.co/image/fcb11b77e159e0c71a9536a0acdcb9df2614722a
2K5nCggbhSZ00YCYP5qkZS	Shiva	538336	67.0	['italian hip hop', 'trap italiana']	https://i.scdn.co/image/2edd442c918553421b3064ccfe53d39c122b242a
4Ga1P7PMIsmqEZqhYZQgDo	Lil Tecca	3451737	81.0	['melodic rap', 'rap', 'trap']	https://i.scdn.co/image/3f9851d4a71757ae545a2ca1757431e54f43b6bc
181bsRPaVXVlUKXrxwZfHK	Megan Thee Stallion	3674251	89.0	['houston rap', 'pop', 'pop rap', 'trap queen']	https://i.scdn.co/image/7bca4cddd5903957a727ae5b49936cd57d801d05
49tQo2QULno7gxHutgccqF	LANY	3399268	79.0	['la pop', 'pop']	https://i.scdn.co/image/72d54a66f7226fb51c2ca9943b7b54ceb8762670
13ubrt8QOOCPljQ2FL1Kca	A$AP Rocky	8871536	87.0	['east coast hip hop', 'hip hop', 'rap', 'trap']	https://i.scdn.co/image/cce607c4d975ae49d68b484eaef51a6413fa73b1
1yxSLGMDHlW21z4YXirZDS	Black Eyed Peas	5479072	88.0	['dance pop', 'pop', 'pop dance', 'pop rap']	https://i.scdn.co/image/b7c5c94dc9fbdcb3671b10c735b13a7a5b82a816
1GDbiv3spRmZ1XdM1jQbT7	Natti Natasha	5693095	84.0	['latin', 'latin pop', 'rap latina', 'reggaeton', 'trap latino', 'tropical']	https://i.scdn.co/image/a3c38c7880574c883b7d839a3df86ffb60f185d4
7v4imS0moSyGdXyLgVTIV7	Nat King Cole	1533376	72.0	['adult standards', 'vocal jazz']	https://i.scdn.co/image/eb031f3737e50b8e5681a9302792b752fb41e13e
6fs2or0cKLEM2xohWq8SoX	Lexie Liu	64012	67.0	['chinese electropop']	https://i.scdn.co/image/1add48dfb3d88b374b578cef168ed5abe0928fe6
6fWVd57NKTalqvmjRd2t8Z	24kGoldn	866286	88.0	['cali rap']	https://i.scdn.co/image/f3f6ce3ff1651091cf10242150edca3cf2506a9a
0VRj0yCOv2FXJNP47XQnx5	Quavo	4809508	86.0	['atl hip hop', 'hip hop', 'melodic rap', 'pop rap', 'rap', 'southern hip hop', 'trap']	https://i.scdn.co/image/5bbc6877502c2a0db474b3b2bd48a073f5048bc2
3jK9MiCrA42lLAdMGUZpwa	Anderson .Paak	1774285	85.0	['escape room']	https://i.scdn.co/image/ad015b706436e5bb40528b5883f2506cb1205e87
7gOdHgIoIKoe4i9Tta6qdD	Jonas Brothers	5052915	81.0	['boy band', 'dance pop', 'pop', 'pop dance', 'pop rock', 'post-teen pop']	https://i.scdn.co/image/81415a47bf49148ed333cba4765551f4da5d7d30
45eNHdiiabvmbp4erw26rg	ILLENIUM	1054190	80.0	['edm', 'electropop', 'melodic dubstep', 'pop', 'pop dance', 'tropical house']	https://i.scdn.co/image/cb843e45099dccf0fa4d6f4071e82603843547cb
0imE3buPhAowREqCrr4CYe	Peach Tree Rascals	155926	70.0	['alternative r&b', 'chill r&b', 'pop']	https://i.scdn.co/image/f7e02eaa61b278e03d554ffb2fa8d7d4ea68a590
41X1TR6hrK8Q2ZCpp2EqCz	bbno$	767347	79.0	['canadian hip hop', 'dark trap', 'meme rap', 'pop rap', 'vapor trap']	https://i.scdn.co/image/a84b5c64405a28e3102c4b98397be9ad403e2c49
1HY2Jd0NmPuamShAr6KMms	Lady Gaga	16649527	90.0	['dance pop', 'pop', 'pop dance']	https://i.scdn.co/image/1f4c23aa943d8eafc17e9f02e0cb1ffc3ac49d37
58wXmynHaAWI5hwlPZP3qL	Booba	1979760	84.0	['french hip hop', 'old school rap francais', 'pop urbaine', 'rap conscient']	https://i.scdn.co/image/97eac2fc89a7b7307dd016620f05611906699256
2x7PC78TmgqpEIjaGAZ0Oz	Trueno	1821350	74.0	['argentine hip hop', 'trap argentino', 'trap latino']	https://i.scdn.co/image/35236bb9464e0dc70088e5700c060d06d6619a86
1GxkXlMwML1oSg5eLPiAz3	Michael Bublé	4437004	80.0	['adult standards', 'canadian pop', 'jazz pop', 'lounge']	https://i.scdn.co/image/6bf4c3c955399c4c45cd0677a860a42f39b6a508
7wlFDEWiM5OoIAt8RSli8b	YoungBoy Never Broke Again	6514434	87.0	['baton rouge rap', 'trap']	https://i.scdn.co/image/b51a73a2709d6caa0937ccf9b3e2f8736ae70eda
6eUKZXaKkcviH0Ku9w2n3V	Ed Sheeran	77681514	94.0	['pop', 'uk pop']	https://i.scdn.co/image/c9e693f336bc004af00c51bbf0a157e8b5af75f2
2otUckChxWf2cp6UP2cD6e	Zuna	873832	71.0	['albanian hip hop', 'german hip hop']	https://i.scdn.co/image/21d17f1104c824d1fda0d17fc49ff77542dd8c07
0EFisYRi20PTADoJrifHrz	Jhay Cortez	1819850	90.0	['latin', 'reggaeton', 'trap latino']	https://i.scdn.co/image/413551bc8730d2710cbccfaac980fa51c4f7d55f
4phGZZrJZRo4ElhRtViYdl	Jason Mraz	5904956	80.0	['acoustic pop', 'neo mellow', 'pop', 'pop rock']	https://i.scdn.co/image/71c566f8ddb1c137fd9ae6b7f8bcc9e41322d2db
4Gso3d4CscCijv0lmajZWs	Don Toliver	1331667	86.0	['rap', 'trap']	https://i.scdn.co/image/86fa93dd0465e29e3e06ba92fad64fb50061b6c3
31TPClRtHm23RisEBtV3X7	Justin Timberlake	10489970	85.0	['dance pop', 'pop']	https://i.scdn.co/image/5b73ff32952c810c98bd5fbe8860ca99414ad6aa
2fsk4VlJdNF6G8cCMDrrzB	Norma Jean Martine	8674	74.0	['nyc pop']	https://i.scdn.co/image/0f2b51ab56333d1b94f5e404b612f251441451fe
66CXWjxzNUsdJxJ2JdwvnR	Ariana Grande	59767861	97.0	['dance pop', 'pop', 'post-teen pop']	https://i.scdn.co/image/f8c793519d837ca2f920c561535fe62ef32e8e5b
2iI5KWXLjw1tqLQsdjuo0e	Chael Produciendo	3500			https://i.scdn.co/image/9daaad41bc403e4f0ae1eb707fd7173f5e402454
5szJHKg5xeUlQ9pTqzdpic	Taiu	836	72.0		https://i.scdn.co/image/c66a4b83970aab1e54fe0bba853c0737b7580419
1vCWHaC5f2uS3yhpwWbIA6	Avicii	19335981	86.0	['dance pop', 'edm', 'pop', 'pop dance']	https://i.scdn.co/image/81b19a403109c4fe528ee3972137127b85be9519
2DspEsT7UXGKd2VaaedgG4	Alex Rose	1875812		['latin', 'reggaeton', 'reggaeton flow', 'trap latino']	https://i.scdn.co/image/53abe8b8efef5be63e2c91e3947646bb2b4bbc9c
5bgfj5zUoWpyeVatGDjn6H	K CAMP	1291558	72.0	['atl hip hop', 'hip hop', 'melodic rap', 'pop r&b', 'pop rap', 'rap', 'southern hip hop', 'trap']	https://i.scdn.co/image/9c3a69fa2f24f98d936b9faec0b84be1aeda827e
0ZED1XzwlLHW4ZaG4lOT6m	Julia Michaels	3622791	82.0	['alt z', 'dance pop', 'electropop', 'pop', 'pop dance', 'post-teen pop']	https://i.scdn.co/image/197f548899c94f33cdf198b2985e9d5e267bb47b
2nm38smINjms1LtczR0Cei	Goodboys	19329	80.0	['uk dance']	https://i.scdn.co/image/a1bb3f887b78fc363d99984192fa21282bc95e58
5AZuEF0feCXMkUCwQiQlW7	Marracash	1299645	74.0	['italian hip hop', 'italian pop', 'italian underground hip hop', 'rap napoletano']	https://i.scdn.co/image/c9a2915a62d687f45de7d5f30c0ce8ff14a198da
0JXiS2FrAg3wQYJHcmZdrc	B. Swanson Quartet	355	55.0		
2SrSdSvpminqmStGELCSNd	Stormzy	2201485	80.0	['grime', 'uk hip hop']	https://i.scdn.co/image/cf3aa3567c73ea2867d1e4027c29cf45926a72c6
5MS6HieNmKxzkAM8amE8sr	Mc Rebecca	281713	68.0	['funk 150 bpm', 'funk carioca', 'pop lgbtq+ brasileira']	https://i.scdn.co/image/3599654ce8c44da5417d31c661472e519f9b0ec8
6EPlBSH2RSiettczlz7ihV	Sleepy Hallow	234349		['brooklyn drill', 'nyc rap']	https://i.scdn.co/image/1f56b47679d852e242104a2ac38a5f5b071f5ab2
3Xt3RrJMFv5SZkCfUE8C1J	Kim Petras	503942	72.0	['alt z', 'art pop', 'australian pop', 'dance pop', 'electropop', 'escape room', 'indie poptimism', 'pop', 'pop dance', 'post-teen pop', 'transpop']	https://i.scdn.co/image/769946dde241d5da52df580fe8449272ae354610
4IMAo2UQchVFyPH24PAjUs	Jowell & Randy	2709546	78.0	['latin', 'latin hip hop', 'reggaeton', 'reggaeton flow', 'trap latino', 'tropical']	https://i.scdn.co/image/d3717afea1a5a02a849ba4fb144d2a98298e7284
0daugAjUgbJSqdlyYNwIbT	Vicetone	362434	73.0	['edm', 'electro house', 'gaming edm', 'pop dance', 'pop edm', 'progressive electro house', 'tropical house']	https://i.scdn.co/image/d6391be8db1f514f236dfb5771c99337c9e48b81
2EMAnMvWE2eb56ToJVfCWs	Bryson Tiller	4755425	83.0	['kentucky hip hop', 'pop rap', 'rap', 'trap']	https://i.scdn.co/image/c65c74e7b7eb576b8dea4d5d43283ac279e3f87d
52G7KZspBD4cCmuRDYRAtx	Henri Rene & His Orchestra	204	38.0		https://i.scdn.co/image/ab67616d0000b2738d386b94701eeb0cd4e5fc09
3SYnDj7btg9gFY7ps8m5d5	RANI	9359	73.0	['uk pop']	https://i.scdn.co/image/4ec63484b11c4ca237b480f458e1280ab978659a
5zfEatKLDdRkgbw6sdLBAQ	Octavian	203089	70.0	['afroswing', 'london rap', 'uk alternative hip hop', 'uk hip hop']	https://i.scdn.co/image/f908d33de15ab1fb0eb7adbf52bcf1ef24224dc2
33ScadVnbm2X8kkUqOkC6Z	Don Omar	5148304	84.0	['latin', 'latin hip hop', 'puerto rican pop', 'reggaeton', 'trap latino', 'tropical']	https://i.scdn.co/image/8a8a34ab3186429a18cd2677c7721eaac595a9f3
2jpQ0ywffgVHhZFQNWaWYW	Tony Igy	32642	69.0	['russian dance']	https://i.scdn.co/image/059810adf447e64ae2d6d2417443652ba241397e
1RyvyyTE3xzB2ZywiAwp0i	Future	9995016	91.0	['atl hip hop', 'pop rap', 'rap', 'southern hip hop', 'trap']	https://i.scdn.co/image/f29832dafb705339f45275679d1e9ba76cf6aec1
64KEffDW9EtZ1y2vBYgq8T	Marshmello	29880086	90.0	['brostep', 'edm', 'pop', 'pop dance', 'progressive electro house']	https://i.scdn.co/image/f12d2ee255b86011feb5c8759dc05cc698623a20
5zctI4wO9XSKS8XwcnqEHk	Lil Mosey	3450538		['melodic rap', 'rap', 'rap conscient', 'trap', 'vapor trap']	https://i.scdn.co/image/cb7532053adb92b2523c1afaa5541d8dde3f045a
0iEtIxbK0KxaSlF7G42ZOp	Metro Boomin	2391290		['hip hop', 'pop rap', 'rap', 'southern hip hop', 'trap']	https://i.scdn.co/image/8986705c72b71411c261c0f9eb65b6a2c04cfe90
4gOc8TsQed9eqnqJct2c5v	K/DA	1016480	75.0	['k-pop girl group']	https://i.scdn.co/image/32484aec8d41b85263b9569b1e8a2e1a61896e49
6trIghKwHRUyxwvm66HLHH	Fousheé	93253	74.0	['indie r&b']	https://i.scdn.co/image/91b484d854638f856be0e19d52c2df06a7232759
7bXgB6jMjp9ATFy66eO08Z	Chris Brown	13325712	92.0	['dance pop', 'pop', 'pop rap', 'r&b', 'rap']	https://i.scdn.co/image/e153d6448b17ce97b2a79da70d64b89230c67053
1URnnhqYAYcrqrcwql10ft	21 Savage	9352179	89.0	['atl hip hop', 'rap', 'trap']	https://i.scdn.co/image/fcbc4560c03099fec55cf55054932ca3808e33d3
0iFq8SzyZaaQ2Fn6CLDxqW	Clueso	371834	68.0	['german hip hop', 'german indie', 'german pop', 'german singer-songwriter']	https://i.scdn.co/image/88db53e43d6618c02342b681e4087ab901f85734
2jw70GZXlAI8QzWeY2bgRc	Nelly Furtado	2453542	79.0	['canadian latin', 'canadian pop', 'dance pop', 'pop', 'pop dance', 'pop rap']	https://i.scdn.co/image/d89206520f5b03db07bedb0b2ff17eacabd17557
2cFrymmkijnjDg9SS92EPM	blackbear	4029181	88.0	['electropop', 'pop', 'pop rap']	https://i.scdn.co/image/87ee7b72bab2721e5a3665aeb48309f411ac6df8
4AKwRarlmsUlLjIwt38NLw	Ofenbach	396495	80.0	['new french touch', 'pop dance', 'tropical house']	https://i.scdn.co/image/9ace2152813a16126669f05fc411e7b3366d4a8d
4PzYKhC14sTJNEr0dzoo0d	Luísa Sonza	1582949		['funk carioca', 'pop nacional']	https://i.scdn.co/image/e176016fcc6001ab22e82819b209db20a0f40af8
1WjexdTcXHgvlVIPCE8D1Q	Denaun	202	53.0		
45dkTj5sMRSjrmBSBeiHym	Tate McRae	1295270	85.0	['alt z', 'dance pop', 'electropop', 'pop', 'post-teen pop']	https://i.scdn.co/image/9f48d83da5df3b3493a9e557f215af6265673908
5TbLOwv8BNnik3f03NZJlt	TOKYO’S REVENGE	264385	70.0	['meme rap', 'sad rap', 'vapor trap', 'viral rap']	https://i.scdn.co/image/a9c18a5aad7421d864b16d4f56678e2d593d08aa
5Nf5yishRW9Ye174sJISkg	London On Da Track	57129	66.0	['atl hip hop']	https://i.scdn.co/image/03b8adb5f73abc0dd81e2a9bc0a82754cf907c8b
2y1VzMKAa5nmfXKtJL9jnj	Murda	733830	73.0	['basshall', 'turkish trap']	https://i.scdn.co/image/888ca9b78858161f2b1c4c1d7cb11fec59c23413
4bw2Am3p9ji3mYsXNXtQcd	Piso 21	6762920	81.0	['colombian pop', 'latin', 'latin pop', 'reggaeton', 'reggaeton colombiano', 'trap latino']	https://i.scdn.co/image/c522565cbb593b709e3e6af0bc412df41809458a
78wZzI7u1cOjXKuYzqZI6l	Sonus030	2879	65.0		https://i.scdn.co/image/9dd5898b66b2413b855f2cfed9dbf0286ac8f207
391oLRVmoTkumiN79HkTWu	Darlene Love	37403	52.0	['adult standards', 'brill building pop', 'motown']	https://i.scdn.co/image/d7d6a7209389a3985020c999b5584bf020772b24
5ZsFI1h6hIdQRw2ti0hz81	ZAYN	15033951	85.0	['dance pop', 'pop', 'pop dance', 'post-teen pop', 'uk pop']	https://i.scdn.co/image/9aa52d0443bc2c02a9187e7dd4f36ca417989915
7LvoDJUNGnOrPdGRzVtOJ9	Young M.A	1108654	70.0	['lgbtq+ hip hop', 'nyc rap', 'pop rap', 'rap', 'trap']	https://i.scdn.co/image/ad6cb6d0ad993d37c3d3751f6d8ae7bfc57b731e
4QQgXkCYTt3BlENzhyNETg	Earth, Wind & Fire	2798020	77.0	['disco', 'funk', 'jazz funk', 'motown', 'quiet storm', 'soul']	https://i.scdn.co/image/9fd0a9822140cce668ee15263e1f73730152dff0
0jTDeBJQr3unrK29LklnAv	Lexa	1938819	67.0	['funk carioca', 'funk pop', 'pop nacional']	https://i.scdn.co/image/12b7dc67405999d3cb24928bc2201246391ac633
5K4W6rqBFWDnAN6FQUkS6x	Kanye West	13532018	93.0	['chicago rap', 'rap']	https://i.scdn.co/image/bd1c6fdf3705cf9b7d0c8ac8e7bbed98e31a1559
1Xyo4u8uXC1ZmMpatF05PJ	The Weeknd	30156624	98.0	['canadian contemporary r&b', 'canadian pop', 'pop']	https://i.scdn.co/image/37376dba0623c33923eae9d234e5e199b76d227f
26AHtbjWKiwYzsoGoUZq53	Pentatonix	2967289	74.0	['a cappella']	https://i.scdn.co/image/d0d8312e1909c4314296210b85e47b3581621962
3q7HBObVc0L8jNeTe5Gofh	50 Cent	6948903	86.0	['east coast hip hop', 'gangster rap', 'hip hop', 'pop rap', 'queens hip hop', 'rap']	https://i.scdn.co/image/dd031b9c5d1b6eba4a691cd89c954255aae787f2
7pLntWGInZPQxc4kXxzzjB	Liz Gillies	17283	48.0		https://i.scdn.co/image/ab67616d0000b273859cc54106a10fe9f9de21e5
6L34dW6SKMSDaGIfYDU19j	Maes	1410680	76.0	['francoton', 'french hip hop', 'pop urbaine', 'rap francais']	https://i.scdn.co/image/7545edaf21734c890d69526383cf2e2fdcd8a355
2C6i0I5RiGzDKN9IAF8reh	Banda MS de Sergio Lizárraga	10882030	85.0	['banda', 'corrido', 'norteno', 'regional mexican']	https://i.scdn.co/image/b6b212886759efa9f5c00d940e00b5a9c7813e86
4jpsw9CQS439N0B7SecMgf	Ant Saunders	80961	63.0	['chill r&b', 'pop']	https://i.scdn.co/image/3f2da1dd63cf2a1846ec138a422da6afc1713995
2Im8m4STDBosjfmb5hmP80	Loredana	1042565	70.0	['frauenrap', 'german hip hop', 'german pop', 'kosovan pop', 'romanian pop']	https://i.scdn.co/image/17adb5118b0e99457558131a59646dbb21b5d01a
716NhGYqD1jl2wI1Qkgq36	Bizarrap	2123588	84.0	['argentine hip hop', 'pop venezolano', 'trap argentino', 'trap latino']	https://i.scdn.co/image/2d91a2dde7ae32105a01f6912d2da55bb966a6f5
2WxjxdeF7GGdcCK276qViY	Natalie Taylor	108473	69.0		https://i.scdn.co/image/888ac38744652788d23ecee27c14a3b97ff4cd85
3PhoLpVuITZKcymswpck5b	Elton John	6757807		['glam rock', 'mellow gold', 'piano rock', 'soft rock']	https://i.scdn.co/image/f50ae3e5cf3637c5f486b6205468c245644be36e
0eDvMgVFoNV3TpwtrVCoTj	Pop Smoke	4622033	94.0	['brooklyn drill']	https://i.scdn.co/image/dec62931945371fd22f29c436ca61dea03415556
73Np75Wv2tju61Eo9Zw4IR	Idina Menzel	338754	76.0	['hollywood', 'show tunes']	https://i.scdn.co/image/e303c5a39e4da4f7c40f1b6ccc1209795c9199d0
5yPzzu25VzEk8qrGTLIrE1	Young Nudy	582919	70.0	['rap', 'southern hip hop', 'trap', 'underground hip hop', 'vapor trap']	https://i.scdn.co/image/ae8ef6c685aaf8c9c2749de0062488d6f9df9e69
5lpH0xAS4fVfLkACg9DAuM	Wham!	1504870	73.0	['dance rock', 'europop', 'new romantic', 'new wave pop']	https://i.scdn.co/image/028bf41acbd7858a4a8acf688a392d4ee9e369ef
735L650pvygCZZlPMyHqsN	John Scott Trotter & His Orchestra	249	50.0	['light music']	https://i.scdn.co/image/ab67616d0000b2739b843b322415ab92ae8edbfa
7C7NNCiIFavKH6oDarjp0v	JS o Mão de Ouro	4429	66.0	['brega funk']	https://i.scdn.co/image/e7bc69a863beb4b50cafdca5c22180f1db8440d4
3wcj11K77LjEY1PkEazffa	Burna Boy	866364	81.0	['afro dancehall', 'dancehall', 'nigerian hip hop', 'nigerian pop']	https://i.scdn.co/image/a07409e48f78086bb377e190a25b9e86a9c18bc2
6ASri4ePR7RlsvIQgWPJpS	iann dior	1046950	88.0	['melodic rap', 'pop rap']	https://i.scdn.co/image/0af59dc69f23f2844102eb3ccd5c0c00de792b0a
4xnihxcoXWK3UqryOSnbw5	Sasha Sloan	796772	78.0	['alt z', 'electropop', 'indie cafe pop', 'pop', 'post-teen pop']	https://i.scdn.co/image/cbd5d5ec6f309f2288caea62b7d14d3f2711c4c8
6TIYQ3jFPwQSRmorSezPxX	Machine Gun Kelly	3253239	90.0	['ohio hip hop', 'pop rap']	https://i.scdn.co/image/121e6d42e65360c843a116cb80c672e812101448
3utZ2yeQk0Z3BCOBWP7Vlu	Cro	1429887	77.0	['german hip hop', 'german pop', 'pop rap']	https://i.scdn.co/image/e466d5ffe713ee7de8ff77ffa71c8d663db7ecae
1pgDilWYDWLoOgGjf1iHNu	Zion	2208996	77.0	['latin', 'latin hip hop', 'reggaeton', 'reggaeton flow', 'trap latino', 'tropical']	https://i.scdn.co/image/01b740506d62b329302d55078eb8dc49d32a4f8b
6LXRvV2OAtXF7685fzh3mj	Rowdy Rebel	72487	67.0	['nyc rap']	https://i.scdn.co/image/65fd4a40b48c4300fa633f79ec85b0a7d7d92207
3eqjTLE0HfPfh78zjh6TqT	Bruce Springsteen	3884983	81.0	['classic rock', 'heartland rock', 'mellow gold', 'permanent wave', 'rock', 'singer-songwriter']	https://i.scdn.co/image/22fbfc9f6b2c61c5ca379847d904bfd0b2cc0dc2
1WMwuNKzEFtU6pPkdtryYS	Kendo Kaponi	544775		['latin', 'latin hip hop', 'reggaeton', 'reggaeton flow', 'trap latino', 'tropical']	https://i.scdn.co/image/34763a6e0253c46dba88b25fb64142d17cdff8cf
3Rx4PJ7SP6unkOk5elPUK7	Money Man	307723	74.0	['rap', 'southern hip hop', 'trap']	https://i.scdn.co/image/d619b8149e88510e1ddec6f0be0ddf3e727d2830
718COspgdWOnwOFpJHRZHS	Luke Combs	4588534	86.0	['contemporary country']	https://i.scdn.co/image/acce941dc4539e589d2ee931e8cfe036993935ce
4WoSAKuoaPxrbwp3Y1PvKb	Bozza	37692	66.0	['german hip hop', 'german underground rap']	https://i.scdn.co/image/050fb2453930fe6dea3d3178abbd942e9ef17e17
53XhwfbYqKCa1cC15pYq2q	Imagine Dragons	33179961	90.0	['modern rock', 'rock']	https://i.scdn.co/image/949d57988ca389b49133ebd6f8f99ef96fb52ab8
5eioJDe26lOqkAMbuhzZYs	Gzuz	1102527	78.0	['deep german hip hop', 'german hip hop', 'hamburg hip hop']	https://i.scdn.co/image/d007489effed2e4e22b435ed4b502925ccc6dcd9
50co4Is1HCEo8bhOyUWKpn	Young Thug	6013598	91.0	['atl hip hop', 'atl trap', 'gangster rap', 'hip hop', 'melodic rap', 'pop rap', 'rap', 'trap']	https://i.scdn.co/image/69ef089edd03d6d5455ed61e96d27c7f5b995434
1kiq2kUV0cbLUhJsr7cpW0	Alida	11309	76.0	['norwegian pop']	https://i.scdn.co/image/1d84f66e7a8f67f358edd810f3b27d6f9cf35787
27LlKWxS3KXW7RRAxN5S8s	Geolier	514636	75.0	['italian hip hop', 'rap napoletano', 'trap italiana']	https://i.scdn.co/image/b33edaae30ce92e53cf11aafda63269cc87a60c4
738wLrAtLtCtFOLvQBXOXp	Major Lazer	6159714	82.0	['dance pop', 'edm', 'electro house', 'moombahton', 'pop', 'pop dance', 'pop rap']	https://i.scdn.co/image/093b23f613441e9b90070939795f3109386edbb4
5QdEbQJ3ylBnc3gsIASAT5	G Herbo	1135220	77.0	['chicago drill', 'chicago rap', 'drill', 'rap', 'southern hip hop', 'trap']	https://i.scdn.co/image/8363009cbb612741bfc343795f2a74b93d36bb37
6S2OmqARrzebs0tKUEyXyp	Demi Lovato	19253119	87.0	['dance pop', 'pop', 'pop dance', 'post-teen pop']	https://i.scdn.co/image/5e48d968b6b9fe013e4ddcbb644eb444628a4a62
3Y7RZ31TRPVadSFVy1o8os	H.E.R.	3570652	83.0	['alternative r&b', 'pop', 'r&b']	https://i.scdn.co/image/db35f97fba5e334b8a1a10285e8bc462c8b89f12
1qQLhymHXFPtP5U8KNKsm6	Apache 207	1504323	80.0	['german hip hop']	https://i.scdn.co/image/aced898728ea57cdc8cc49a65dda64bcc64bc74e
0ceH34CATvfgphxnLRWFkm	9lokknine	267791	66.0	['florida rap']	https://i.scdn.co/image/14a9c80d3b4a9d7717e45ca1294ea61033bb73a2
3l0CmX0FuQjFxr8SK7Vqag	Clairo	2355810	83.0	['bedroom pop', 'pop']	https://i.scdn.co/image/5e487c0d81c577c1736772d2542a2676004e0d87
0C8ZW7ezQVs4URX5aX7Kqx	Selena Gomez	26067142	91.0	['dance pop', 'pop', 'pop dance', 'post-teen pop']	https://i.scdn.co/image/315259766f283841307666e24fbb297ddeee1860
2jku7tDXc6XoB6MO2hFuqg	Tory Lanez	3564739	86.0	['canadian hip hop', 'hip hop', 'melodic rap', 'pop rap', 'rap', 'toronto rap', 'trap']	https://i.scdn.co/image/2e95da46f0c47c1ac280cdf857a87c3568b82aa8
0YinUQ50QDB7ZxSCLyQ40k	Mustard	833670	81.0	['cali rap', 'hip hop', 'pop rap', 'rap', 'southern hip hop', 'trap']	https://i.scdn.co/image/4dcf713a3bc309590381ecf718be7d5b1b8f0f61
6hkKbkZGvAXuvle2FhCnxy	Shablo	36674	65.0	['italian hip hop']	https://i.scdn.co/image/e5495b6c1ae0ec1d9c6799872377268f4f3bc947
1sBkRIssrMs1AbVkOJbc7a	Rick Ross	4670260	85.0	['dirty south rap', 'gangster rap', 'hip hop', 'pop rap', 'rap', 'southern hip hop', 'trap']	https://i.scdn.co/image/83bb3369d1ae515bdee62238522a4f5da3544859
77tT1kLj6mCWtFNqiOmP9H	Daryl Hall & John Oates	1432356	76.0	['album rock', 'classic rock', 'mellow gold', 'rock', 'soft rock', 'yacht rock']	https://i.scdn.co/image/7e0f30ed48271d45dc6b809862804af03908cd34
7uMh23xWiuR7zsNkuNcm2G	MNEK	241502	81.0	['pop dance', 'tropical house', 'uk contemporary r&b', 'uk dance']	https://i.scdn.co/image/72a3b52ef8f24d7da05c978e9da275745b11b7e9
5Rl15oVamLq7FbSb0NNBNy	5 Seconds of Summer	7261145	85.0	['boy band', 'dance pop', 'electropop', 'pop', 'post-teen pop']	https://i.scdn.co/image/8ef3c09019477060d8fb06ecac36a79b5ed1b730
3e7awlrlDSwF3iM0WBjGMp	Little Mix	8835771	85.0	['dance pop', 'girl group', 'pop', 'pop dance', 'post-teen pop', 'talent show', 'uk pop']	https://i.scdn.co/image/02d026d142b6aec99cc2a634f997962c5a92b653
6vXTefBL93Dj5IqAWq6OTv	French Montana	3857462	82.0	['hip hop', 'pop rap', 'rap', 'southern hip hop', 'trap']	https://i.scdn.co/image/14443f9c4ab806e91aee7feaad4f90b91f29f7b6
0WK3H9OErSn5zKOkOV5egm	DDG	345034		['trap']	https://i.scdn.co/image/e51c188ad3f3be741e02f77bcb6eb097576ebb96
5dHt1vcEm9qb8fCyLcB3HL	A$AP Ferg	2883446	80.0	['hip hop', 'pop rap', 'rap', 'southern hip hop', 'trap', 'underground hip hop']	https://i.scdn.co/image/25bdf244c941a7dcf01a74f56a37e7f30eb6b1a4
6cK3NBO6uP7hh0oyuVELFl	Saweetie	1025490	82.0	['cali rap', 'dance pop', 'pop', 'pop rap', 'post-teen pop', 'trap queen']	https://i.scdn.co/image/1931fe3856a71a79e0dffb843f0004289feffc28
1nzgtKYFckznkcVMR3Gg4z	KSI	1685704	79.0	['uk hip hop']	https://i.scdn.co/image/b325c5ab5ee6ddca83d07af59fa78539bdceb034
4IVAbR2w4JJNJDDRFP3E83	6LACK	2836609	87.0	['alternative r&b', 'atl hip hop', 'hip hop', 'melodic rap', 'pop rap', 'rap', 'trap']	https://i.scdn.co/image/b95bf1fcc0b3491a8623419548a69add9bb5812f
5yy76ufVriyvidNSvXlRU1	Clever	53001	73.0	['alabama rap']	https://i.scdn.co/image/15246069d857378c83ea34660f6e7e3730a3d5a2
2RDOrhPqAM4jzTRCEb19qX	Sheck Wes	1071117	71.0	['rap', 'trap', 'underground hip hop', 'vapor trap']	https://i.scdn.co/image/c0f2b79210f155ffbc25a5a3900d3918566cec6b
1Mxqyy3pSjf8kZZL4QVxS0	Frank Sinatra	4604619		['adult standards', 'easy listening', 'lounge']	https://i.scdn.co/image/fc4e0f474fb4c4cb83617aa884dc9fd9822d4411
4ArPQ1Opcksbbf3CPwEjWE	Emilee	71068	74.0	['social media pop']	https://i.scdn.co/image/996d8ff252206b633b6b438403fd74f817d144c2
